id,order_id,sku
2e3cb58a-c73c-4216-9d70-66e91bb2ca32,9bed808a-5074-4dfb-b1eb-388e2e60a6da,BEV-004
0d005cee-30f1-4426-a786-833fcc77ae34,b83630c1-0fdc-4cd2-818d-0b6d4384ce86,BEV-004
0b8661ef-9337-44cd-a12d-f2aa9badda01,3b4a03db-7b23-4673-a88a-7f51b01ca497,BEV-004
0e6118fd-4563-4feb-9cee-9a40135db550,3368b213-6687-4338-bf73-b927ae72340f,BEV-003
b7b8e822-c78f-482b-8a18-8a86ad6d281e,739bf2f3-8d20-4159-9124-5451f1e4b136,BEV-005
9e0a7877-dbd8-4eb6-ab27-44cf220346d5,739bf2f3-8d20-4159-9124-5451f1e4b136,BEV-004
a171ef42-80ea-46d0-a2d4-e2d6ce2351bd,1d81152e-23a9-4ec0-a4ce-e76fc352e6f5,BEV-002
78ec103c-f5c4-4294-b472-38705b5c48b1,de99d8c9-0128-4188-88f7-e44364e8161b,BEV-001
183a9d83-7ea9-43bf-b2ee-8e60cd21739c,4bb7a9cc-61f6-4ddf-809e-6e483af920da,BEV-005
91ec32c2-a1d9-4d01-8a60-828d4b321290,3cd8c16e-ba1a-4e32-9fec-2bf03997e063,BEV-001
68034996-a9b2-4992-89ac-3a57770eaf2e,3cd8c16e-ba1a-4e32-9fec-2bf03997e063,BEV-001
3117986f-f271-4cc1-8743-2f12adc9dd02,3cd8c16e-ba1a-4e32-9fec-2bf03997e063,JAF-004
6242b08a-cb76-43d3-975c-2a00b696273c,6b368db3-7c1a-4e39-8c3a-f31b33a62b81,BEV-004
56685c85-095b-4ec9-b9a3-17cee5a45b60,858944f4-04c5-4997-9572-ca8f0c21a34e,BEV-002
018ab58c-013e-424a-b7a6-816a91d7aafa,bc68477b-4ec1-4f03-b995-7cb63a416ff7,BEV-001
a513d940-619b-4211-b3a5-9f7d9a8052e8,bc68477b-4ec1-4f03-b995-7cb63a416ff7,BEV-002
11aff541-e4fd-415d-915a-8f06614d5800,794c6b62-8a7e-4544-8c33-787526954ea9,BEV-004
d43bb3eb-ae9c-4907-a6ef-64a0f413ed47,73722d30-f481-4e28-bf1d-7e329a44821a,BEV-003
85308ffb-989c-4faf-a7cd-333105bf77f9,855a3a5a-bbfc-48eb-a5d6-65210b31fc3e,BEV-004
064b047b-54fa-4f12-abb0-32d8d84f95c9,855a3a5a-bbfc-48eb-a5d6-65210b31fc3e,BEV-005
60a2525a-8674-4a4b-8b67-c63432e796a1,d6287f02-006c-4d86-ba3f-bb97df240f0b,BEV-001
fe64a230-861f-4d17-b753-a0601173ec7c,d6287f02-006c-4d86-ba3f-bb97df240f0b,BEV-001
7483dfd8-e324-4eae-9aa7-5ea2e7653c79,d6287f02-006c-4d86-ba3f-bb97df240f0b,BEV-002
919199b4-0f92-4644-a65a-02d81da2b6d5,b8f5588c-ae9e-444a-af90-706002f0827f,BEV-001
5fea7daf-5f78-4bb8-8a18-1a708279d869,d1f4fa79-94fd-456c-a45e-f4e36eb682b1,BEV-003
fdf0fc88-2f76-4b23-a6ce-e9e415b6843c,bb3b4aee-7798-45b1-a7bc-e01dfac27712,BEV-004
29a4e65a-42c4-4508-9408-ab84c6d91b98,b18e35cc-6763-46e5-8f1c-219ff503eed1,BEV-005
fe1ca3cc-6e23-43ee-aaa1-48dbd48ee861,b18e35cc-6763-46e5-8f1c-219ff503eed1,BEV-003
bf98e4f9-e2a4-48ad-b2d1-c6a8cd05da8c,b18e35cc-6763-46e5-8f1c-219ff503eed1,JAF-003
be5b44f1-af06-4a3d-b029-2ea2cc3dc889,761784c2-53b8-40d5-ba86-e9bfabbcbe2a,BEV-003
d4c2fa03-a822-443c-afa4-7f34d584ce37,68b3304b-ccc6-4782-95c7-2c9eaf137684,BEV-004
312f8dd0-8993-4d77-84f7-595a95ea8d61,2751ae3f-c2ec-4e5c-bdca-26413f0aa6f5,BEV-005
0b24b373-9297-4edc-9f76-5b5b67d9ceb7,0f04c8bd-b44f-4593-9520-752bddd6a132,BEV-004
9586013a-9bb0-4a0d-8a90-36d8d0afda79,1c7f2b68-7072-4b86-b6b6-61cbbb7eeb8d,BEV-005
1096e88c-ef65-46cb-b52d-ba158a16d77e,1b8c7237-53f8-490a-98d5-6d797db4e72f,BEV-002
8a47d1b9-5571-466f-ae61-045da0c9c4d2,5cb4bf6b-c29b-4451-9bbf-27c112385a43,BEV-004
25a6a5cf-1675-442e-bd4c-ca62b2250727,e6beb067-46a2-4cc3-8828-9166c1dd5074,BEV-002
0b279f27-5c5d-4f3b-b65b-50c0545ccc5b,e6b014b6-be80-40bc-846e-3adeaca26aa4,BEV-004
68272824-0c50-4983-a867-08014a69e235,95e7cad8-919c-4a99-8141-9dcebd51b6cf,BEV-005
d0b190bb-33fd-4c55-bbf4-30972c41a9af,43443c2f-6eb7-4dbf-86e9-a0ed286d161c,BEV-003
d583a01e-6830-4e92-80d6-27f401dd82bc,765493a5-6298-4d8b-873b-c043931b6a35,BEV-004
fabe5276-ef08-4499-abc8-778f7027ce71,765493a5-6298-4d8b-873b-c043931b6a35,BEV-001
cc1a6a59-add0-4331-9b0b-fe0d76e14e92,765493a5-6298-4d8b-873b-c043931b6a35,JAF-004
f7c7f16a-8d6e-4209-a5d0-795d3ba6d658,4ca395d5-b519-45c1-9ff8-e53637ae0dc7,BEV-003
d6c4b53e-77b0-4bde-9ad6-fe63f965abd1,71a115a9-a593-4f75-94ae-e82fa3f802ba,BEV-004
a52e67af-6f3a-4cb7-8748-1c61029e1e2f,9b5e47b5-eb4d-4d4c-bfff-165c40dc875d,BEV-004
f917a17f-21ff-42d1-b45f-434906498643,9b5e47b5-eb4d-4d4c-bfff-165c40dc875d,JAF-002
c3fe8c73-4900-403c-8a85-2d7481888db4,672dc7f6-f5b7-4e0e-8dc3-21c70cc9dff9,BEV-003
466c4edf-8a93-4f4b-a82f-d804063bab84,98225736-89cd-47dd-916f-8317a0287cc9,BEV-001
a60007f0-781a-4bd9-afb9-c3e8b53139c5,98225736-89cd-47dd-916f-8317a0287cc9,BEV-002
aac6dc50-a63d-409a-b4e0-9ffc17f4e664,0078b1a8-849a-419f-98a9-0952a73e4a71,BEV-001
fce08717-5ca2-4716-b9c1-4f0a3eb6511b,3c6c6cfd-7ea7-4036-a78e-6ab77d12fb88,BEV-004
9fb41c92-5ba6-4174-9af0-d9ae31104bec,d562de7c-a214-4ff1-89f8-24153e238b95,BEV-002
40640672-783e-4dc5-b0a2-914fbd0da65f,3df6c680-c88f-4250-8df6-58113a8ba98a,BEV-004
7c4f05ae-f85d-4adf-8f63-12841525caec,e8abbeb5-6e99-48df-b69c-4cd4671c24a4,BEV-002
cf3eb3d2-fbfe-48ee-8d98-84b8a8a09cb4,d68f472c-a23d-4cbf-a40a-2454b4f3227e,BEV-001
149f3066-4052-4dea-b301-9c1e56c9bef9,a69de1fa-b97c-4652-92aa-598cee0a897d,BEV-004
c0f0a360-776e-4783-92f0-d5eb32d4236b,51c077f6-db45-4c42-b1f7-999a8969c0a1,BEV-003
454ce812-0604-4f0f-a7c2-60b5b1c0f6ec,560405cd-84b8-4456-9ece-226b6ab61d87,BEV-005
5b77f97d-08da-4ee4-b575-42260673d84f,89d08594-1b4f-4613-9bb2-ec1adf842276,BEV-001
416e248b-146a-4108-b59b-2ca8a0ba47a7,9615c13c-47de-419e-b0af-db8796c35ec6,BEV-005
dc80c14c-1067-4d59-8ea7-c1bd7a8ef446,494cf822-50fe-4ef6-8d30-6e8a4ab82f60,BEV-003
8ae33575-200e-40ea-8492-941718933017,494cf822-50fe-4ef6-8d30-6e8a4ab82f60,JAF-001
9aa9a952-9b9a-4877-bd29-cb9b100c2027,0354793f-da46-4bc0-b2e0-ae6d83ce8fb6,BEV-001
6a184eca-aa5e-4ae0-a4fe-84d89842e4ac,aac24302-9ede-4193-9b6a-be9089559bce,BEV-001
f069db6e-7d0c-4737-89c7-042368512895,04e21f8c-187d-4f45-96aa-0075a2071160,BEV-005
0d316ddc-ffa5-4903-ac7f-652043d19bde,04e21f8c-187d-4f45-96aa-0075a2071160,BEV-003
a73623e5-70bc-459c-aa70-b16d92fbbe02,04e21f8c-187d-4f45-96aa-0075a2071160,BEV-001
3dd43494-4621-4585-b323-432186d35e69,5f1445f6-d826-4ee3-8931-560d58919a6a,BEV-005
10cec3cc-6526-41a1-b3e6-5a9ead665271,ce582298-b7d6-4889-8f80-3cb973b25901,BEV-004
b4d1acb5-ff9e-41f6-b8c6-b24c32d1144b,50154cbb-fbb4-4d11-a12f-8aa8ade9205b,BEV-003
75b96509-5ffc-4fcc-8226-ec1d7f80f6c1,c008ed07-785a-4f85-a316-0f1d27606866,JAF-003
4a722d6c-b51d-426b-8e88-798592aded75,c008ed07-785a-4f85-a316-0f1d27606866,JAF-003
138f0e03-d318-4a70-818f-7b15c6afbbd0,a860feb9-56b9-4e2c-a3b3-a152dbbb0cc6,BEV-002
4dbb2a08-f537-40ad-8230-80bd2841d187,a53ea609-19ca-49b5-914a-68409931ab23,BEV-001
13ce7cbd-687f-423d-b719-3103800fd1d2,669bd7ce-ee1b-4423-b075-75c25ba78120,BEV-003
2832241e-a4b9-4592-933e-439caae7c55d,d30d2222-8a07-4e01-84fb-679683b7ffe8,BEV-001
b9e42ab8-1efa-4e56-a363-868035a48161,9c1ccfc5-a24c-48ff-a5ee-485de2f54906,BEV-001
aecf9761-97a4-4a0b-8dcf-696addfa9345,9c1ccfc5-a24c-48ff-a5ee-485de2f54906,BEV-005
5457b673-e057-47f8-b4da-3bab000b8072,9c1ccfc5-a24c-48ff-a5ee-485de2f54906,JAF-002
a4e6ba39-192b-4ad3-a372-12dcda14391a,9c1ccfc5-a24c-48ff-a5ee-485de2f54906,JAF-002
1eb849ca-d8ff-469e-b8fe-af7172bf6945,9c1ccfc5-a24c-48ff-a5ee-485de2f54906,JAF-005
be18a5f4-1718-47f4-95c6-bd283a96ce60,2008c5a2-5009-4e02-8931-a7f4525d0e47,BEV-001
1ea21a03-25be-4fa8-8c7f-c390f12ea9b7,6ef28b85-ddb9-4de9-899f-dda5e0c7de7c,BEV-005
c6c07862-2bf4-42e7-8735-4124b29d483e,6ef28b85-ddb9-4de9-899f-dda5e0c7de7c,JAF-003
ca33f62d-48aa-4681-8bbf-82f0616d6982,8e9df630-6599-49b3-a3f4-27999044ff07,BEV-005
01c509c7-f72b-4399-99c2-43dcb9665536,8e9df630-6599-49b3-a3f4-27999044ff07,BEV-002
556b904d-95be-4f01-8a1c-8b5a1f52f4be,aee137e4-8921-4fe3-abaa-0aaabf0574b7,BEV-004
a4f1600a-3486-4f47-adc1-61974afc4065,e07f34d9-f547-454f-b31e-7892cb0010d5,BEV-001
fe33e088-bdf8-4c29-81b0-126d335426e9,f822319a-13c8-4ade-b35a-a54a831162ab,BEV-001
91a13dba-e72b-4649-bd7a-d632265a1bb6,f822319a-13c8-4ade-b35a-a54a831162ab,BEV-002
abcafe41-f1c1-457e-8a84-e7863e97164d,3cd862dd-d607-4e1c-a23e-762e15936020,BEV-003
c3f53e38-94b4-44b5-bf9b-292a368a4a78,3cd862dd-d607-4e1c-a23e-762e15936020,JAF-001
0493984e-3cff-490e-be16-eb8f3b7ee94f,e4547596-fef2-449d-97c7-dfc0f9544775,BEV-003
0be9dd95-c5d2-4d7c-a695-ab3451a76037,ded98610-a297-4978-b95d-5c3f1921482d,BEV-001
56bbb963-ab1d-4e0e-b8f2-8aaedb43e9e1,7016c6aa-d3a0-4402-a6d2-02d3b6d03201,BEV-001
135433be-2448-4f51-9eee-6feacdb5c0fb,87395dd5-edec-4aed-9722-51711227e948,BEV-004
e12d0d5a-b174-4690-aa61-601ddf36f4d0,415fdd5d-c43e-442b-a14d-036965922862,BEV-004
4e493512-544c-48e3-bcaf-82e6186fa1fb,fb89debd-7078-4f1a-aeab-ffbf5b90697b,BEV-003
b3c66a6e-246e-4751-b678-8429f634a347,10df31d8-78a4-4d60-b0fe-d0d2d055f5ba,BEV-002
a41d7300-43ba-4e3b-8a4c-9a3ef1ecad35,d39433be-2f46-428b-ae41-f9daad795685,BEV-001
3ae1b3ef-0468-4938-9882-1287c80aa872,eb0fc437-a297-40ef-8460-98468a799c10,BEV-002
6328a644-aabe-44d8-aeac-189633f1a4ec,e5ac72c7-674c-4348-805f-7ce41f874b68,BEV-002
a17590f5-3a2c-4f45-9957-47f1b6673d6f,e5ac72c7-674c-4348-805f-7ce41f874b68,BEV-004
ce531202-c66f-4ae6-bbe8-575416c93c43,b394cc97-c165-402d-8c9e-a6a34f18fdab,BEV-001
2e9e7ad5-66ee-4e76-8640-01b7f11da7b0,7157be03-d258-4f63-b0c7-9985a1fd7af6,BEV-001
6d46c153-b9df-484c-ab44-061ea767561c,a43699ee-f529-4285-a83e-d0b238e0dece,BEV-002
4cbd3673-6667-4dfa-8a46-5c1e86c27670,2a54eff5-4fee-4db3-807f-548d02ee9469,BEV-003
0c2db610-6a2c-44b8-8005-5d02db317c8c,11dd2378-c12e-4d92-bb4c-3d7ee7caa1a7,BEV-001
9905e2c7-c026-4a8d-9189-d79f1a8db3df,11dd2378-c12e-4d92-bb4c-3d7ee7caa1a7,JAF-005
cbd2f44b-c2c3-495f-b4f3-27568e8e49be,16f23265-0b89-4b94-8695-d144c83ad904,BEV-005
057ea71a-5570-4926-ba5b-e301b937cdd8,fdb91fc1-c9c7-446d-b8f9-7440513c4c5e,BEV-003
86f6393a-ddb1-4795-9925-faff813ba4fc,cb1d6753-3c85-4266-9202-cc6aa97d98b4,BEV-005
91eac4bf-4da6-4599-ac65-4d045e0efb5d,556326ba-9b78-4272-aacf-d158bf728421,BEV-003
6ba9b021-6775-45e4-a742-586bc00596f2,ca34757c-b5bb-4f8c-8c77-f5132a28e863,BEV-001
17a49f61-167a-45df-9c0c-7beb7a705ff5,00702550-b488-4e28-a7b9-87d5d4fd2ddd,BEV-005
c856bdce-acaa-454c-a0bd-46f0d6ae960d,00702550-b488-4e28-a7b9-87d5d4fd2ddd,BEV-003
2e0c4c9c-ba0d-4123-bd39-713ad45976f1,00702550-b488-4e28-a7b9-87d5d4fd2ddd,JAF-001
c1f2416d-cfcb-47b5-9d9a-9ee7e2fe1919,3dcb74ef-ef12-465a-8da1-b51cffd8ab97,BEV-003
6b5b400c-753e-47cd-94da-47b4acd2bbc1,cfc101a4-4e6f-4ad9-9a9b-460b51328599,BEV-005
1d3efc3f-2629-422e-b9b2-0da12436c9fd,0c1c13ac-f63a-471f-9ec7-57af06e95290,BEV-005
0ebca3fd-aeba-4ee5-83b9-f69a85939e71,3ecf23ff-fd13-46b5-97a4-728e9a430a71,BEV-005
80c6c65f-134f-4228-80c7-1c39ebf4e7d1,b06224d5-c491-457e-bc83-2d3e019ef06b,BEV-005
b58cec32-a480-453b-b98e-c016c57c8e95,0dac93fd-9e57-44db-98b7-ed54e410a56e,JAF-004
1e0678ef-326b-4ee7-b425-39535f00961e,264aabc3-ba45-449c-a463-b5f3a7890a7f,BEV-001
b2e3f198-ad34-48e4-a405-469a4dae6a69,1144d93e-2a66-4823-a82b-97f408476cbe,BEV-003
36039920-4cbd-40b0-bd85-1c5f02deee21,87e8bce0-600b-4a45-9cf3-264939562917,BEV-002
0a64db72-e6f6-48f4-a809-1bd7ddb4c3b3,87e8bce0-600b-4a45-9cf3-264939562917,JAF-003
a118eafd-6bf7-4204-b3dc-8887b8d6c996,807156dc-f46e-4523-9431-2fc2b159bb40,BEV-001
12d6cc87-d00f-4462-9dfa-4c08ecb9d036,aee7a43a-9096-4401-a2ea-361eb43b450d,BEV-004
d04454ae-1ddb-4336-97fd-50dfa3e79ac6,a1d34587-2cbe-4aa0-adc1-140106b2fd3e,BEV-002
e31881c5-752f-42e6-adfc-0f8c832a669e,8714801d-c80a-4927-8969-61c391c57cc4,BEV-004
748c7157-e8e6-47b6-a822-627bfd022ae0,2c6108a4-ac1c-4bc7-acec-865e71f8893b,BEV-001
f9c53f9a-369b-46bb-b830-96ff7c8356c4,97b4844d-21fc-43e9-8a5f-3ba141ccceba,BEV-003
44be6d79-6c64-46fe-af1a-e4ba7c4b52d5,97b4844d-21fc-43e9-8a5f-3ba141ccceba,JAF-004
2efdd340-a836-4161-aac1-f2e3285763ea,09c0cd3d-5550-4c41-86ea-c03f9bdc77d2,BEV-001
a58eb8d9-185d-4878-bf14-20ffa496c4fd,09c0cd3d-5550-4c41-86ea-c03f9bdc77d2,JAF-001
354b4a09-874d-403a-92b0-1b7cd64b9203,589366dc-f29b-48f9-988e-e452a9ee926c,BEV-001
92af084f-bdd0-45dc-b6d0-1688f72f0ddc,e9e817ac-eea6-4d10-a2f9-0ecab090ef90,BEV-003
727f1972-ed19-450a-94c7-8ea29cbeee07,e9e817ac-eea6-4d10-a2f9-0ecab090ef90,BEV-005
ab613e8b-1ff9-4757-858a-69d948a0daab,b6198c8c-8b00-464b-b4e9-7b3bc5000a71,BEV-001
8b1a11e3-f351-4ad9-8932-4a74a016ef93,0d611e00-bbdf-4c56-8eac-8a2838289dad,BEV-005
291825ab-8ba4-4e27-a06c-c01c47c5dda1,c6db0933-4afb-45f6-916f-eaa297ec3629,BEV-001
a4b3ac29-a5b6-4bd9-989d-34f5569538ee,49f313ae-2fba-49f5-be51-0dff91cfbfa1,BEV-001
a011e1b3-fd10-4560-b247-4b6a27b73243,24d8b4f3-8569-4609-8073-a455dc5a4ca4,BEV-003
fd652097-136f-4764-a105-6975c551aedd,c6998627-0838-466e-a335-d32c55fd1748,BEV-002
2306b432-918e-48c6-93da-54f55fdec55b,ace36e8d-b57e-4395-b348-c1c5234cc4ac,BEV-005
9334de36-d1fa-4edb-9e7f-90bd6c855c63,ace36e8d-b57e-4395-b348-c1c5234cc4ac,JAF-002
b0f9d842-682f-4524-8395-9bec4f2242c2,899ec395-7d28-40df-8914-730e4ae41df7,BEV-004
02a6f25a-a0b9-4b18-97a7-3d4eb16f3360,b252d44c-8bf2-49db-9614-2336f503d594,BEV-002
3d584a0b-645d-45d9-8b6f-c4abee7341d2,b252d44c-8bf2-49db-9614-2336f503d594,BEV-002
e1170c24-beaf-4604-b111-ff31aba885f1,b252d44c-8bf2-49db-9614-2336f503d594,JAF-002
2ca8d7ce-8d43-4dc4-a6b0-11a5c254d7fb,517db02e-20a2-4e7c-a045-ac04c8d03713,BEV-002
d81e5b9e-6ceb-4d8c-8565-ddb1de4cc655,517db02e-20a2-4e7c-a045-ac04c8d03713,JAF-002
1ed759db-325a-40ad-8832-ef6abf5baa14,c44e3365-cb98-410a-bb26-e711cffa2434,BEV-004
85bdc3b4-02c9-4f36-848d-97f4e79e91c9,528273e8-4c5b-4f98-91c2-31dfb99d3e00,BEV-002
6f23bb68-cdd9-4794-9f24-f4b979faf7bc,c169c144-b139-401b-a598-2ce107b479b1,BEV-003
6d18d42c-f3b0-4fdc-960d-2622322e3592,c169c144-b139-401b-a598-2ce107b479b1,BEV-004
ec8e2078-0f04-4201-b73a-215e4e446fea,c169c144-b139-401b-a598-2ce107b479b1,JAF-002
13d33145-d918-42a7-ba6b-345ef159905e,fcd8e1df-2f22-4a7f-bff6-3b785500ef4c,BEV-002
aaa043fe-0dc3-4fc8-ab21-438b40d521e1,3a6fd06f-c475-4fb7-8c4a-d195b994120a,BEV-004
72f96a4d-a1cb-49df-b682-2922aebc04c9,7e2c4388-0189-4184-96aa-666f84ab1f0e,BEV-003
b27906b2-541e-4758-af9b-275d2a605ad3,ae0c7118-f01c-4097-a2c6-221b18286e60,BEV-003
3251d51a-5704-4328-8b7f-56fb7ac05062,ebecddda-37b7-499c-b8b7-0db576b6add3,BEV-002
25c7d742-8ab1-4e98-9202-2cf754726aec,ebecddda-37b7-499c-b8b7-0db576b6add3,BEV-004
e21e7361-afb4-4539-9ef8-b39a4cd236d6,ebecddda-37b7-499c-b8b7-0db576b6add3,JAF-002
b768d44c-2784-4ffe-a6fd-4f2e6191f615,ebecddda-37b7-499c-b8b7-0db576b6add3,JAF-004
cdee654e-97c0-4f7c-ad9b-9a9a3447386a,7af6be24-b2b1-4139-817c-7757d7c8a793,BEV-002
9d258707-23f9-4a56-a460-1b60048607a4,7af6be24-b2b1-4139-817c-7757d7c8a793,BEV-004
4619c8a0-287d-4f8c-8482-5b2af7e43675,7af6be24-b2b1-4139-817c-7757d7c8a793,BEV-001
bc091cd6-8648-4960-913f-0960141984b9,7af6be24-b2b1-4139-817c-7757d7c8a793,JAF-003
159b22b4-4fdd-468c-b733-21feb024262b,7af6be24-b2b1-4139-817c-7757d7c8a793,JAF-002
ceec56b5-a505-4f1c-ad27-74a32826bb02,7af6be24-b2b1-4139-817c-7757d7c8a793,JAF-003
eaa9899b-f4a1-470b-9ab0-54ad7045d36c,ce5abb30-33b5-4b3f-aa96-7f86e6d6f4e5,JAF-001
ffdcb9d7-3afd-493c-91d4-a179da827661,48fbd12a-9951-4476-87b1-4d7703d27e9c,BEV-004
f9e2d505-aeff-4c86-886c-ee45eb15526b,9060ac2b-4feb-4b4b-ad19-e7a445edaaa0,BEV-005
9ca33739-8526-47d7-925f-9faeedd5dd7a,9060ac2b-4feb-4b4b-ad19-e7a445edaaa0,BEV-005
089af9dc-b84c-421f-8983-eaef6cb5ba51,9060ac2b-4feb-4b4b-ad19-e7a445edaaa0,JAF-003
42f0a9c2-be90-4b64-a9b6-de9828f4ff71,9060ac2b-4feb-4b4b-ad19-e7a445edaaa0,JAF-001
958b4bb0-c69b-40d8-863d-a92c24a3b54a,303965c1-766f-4107-8c5a-52a7d63247e5,BEV-005
bb7b4eef-9cb4-44be-abf9-48fb99c73b41,da1981bc-ca9c-4d17-a255-b49b5fbe45ce,BEV-004
8822c24c-2a0c-4746-bac4-1aae9389347e,da1981bc-ca9c-4d17-a255-b49b5fbe45ce,BEV-004
e1335eb5-25ec-461a-a536-c016f18bfe62,da1981bc-ca9c-4d17-a255-b49b5fbe45ce,BEV-002
f92ca384-4ac5-4c70-bac6-c4a00e6d2cd4,5dcd1dc2-bf9e-485a-86aa-3e78dee5a41a,BEV-003
91369446-3539-4492-b41e-12246b3973f7,5dcd1dc2-bf9e-485a-86aa-3e78dee5a41a,BEV-004
bda1b6d0-6f4f-4d46-8279-9ae916660f23,5dcd1dc2-bf9e-485a-86aa-3e78dee5a41a,JAF-005
32b03ec0-0a6d-4809-aa2a-2bcb7c24be00,5dcd1dc2-bf9e-485a-86aa-3e78dee5a41a,JAF-005
d4db4e4d-3cf6-4b9f-a6ed-425158a4229e,d9bc17c1-5dff-4aa5-8927-c54ad0bdb6e9,BEV-002
38f0bdaf-f8d2-4488-a31b-34fdd7847319,0e4e0200-d39d-401f-beb0-89f3a21ced87,BEV-004
d2738620-b00f-4108-b851-bce458c3f35f,03389654-7e1b-446b-ac68-266cc5be866b,BEV-005
f46e2e5d-0d27-442b-a0e8-bd046f374197,0e3b3247-3d60-4ee5-ba7f-7baeb76e328b,BEV-001
f03c7c7c-9f73-4b98-a7b1-4b444878a0e5,0e3b3247-3d60-4ee5-ba7f-7baeb76e328b,JAF-005
e0d3ec37-8930-414c-bc9b-6a2a5170dcaa,0e3b3247-3d60-4ee5-ba7f-7baeb76e328b,JAF-001
ddef1300-cd2f-4aa9-924d-d44e10dece20,15c4daab-57e6-4ada-8fec-ce4f872c3f94,BEV-002
f0d0ecfd-b0fb-4a50-bd2e-37d936bd0fb8,312a29fa-97ac-4fb4-ac0e-fca4f21949a7,BEV-004
b41fa7b7-dc0f-49e7-9599-ae585e974171,a325c071-9f92-490e-826a-e6635bc671f8,BEV-004
a2cd22a1-27b8-4d96-982c-983f4de25804,aa12d652-1f87-498c-8409-5a05d62fb6f2,BEV-004
e2d421c3-7be4-45a2-b51b-a37926330265,1ef4446c-5bbe-4e57-951b-966aec42133a,BEV-002
4c905c90-30be-4a29-9825-05abee75863d,1ef4446c-5bbe-4e57-951b-966aec42133a,BEV-003
f7fdc292-5cfd-422f-8313-71b9ce4bb370,6b509e78-8f5a-42b3-9921-63069d4b7bd1,BEV-001
bda0dfc6-c055-400a-bf36-be02eb79814f,6976640a-bad8-4c55-864d-7241aadb268c,BEV-004
5acb419d-eaf6-46fc-bc1d-965a85d0539c,79ecf404-d19a-4ffe-b047-1480c8016875,BEV-005
bea86797-80f4-4c95-8498-2c984e0aa41e,79ecf404-d19a-4ffe-b047-1480c8016875,BEV-005
da034617-38b7-4f30-b9b8-89a2cf8165c6,79ecf404-d19a-4ffe-b047-1480c8016875,JAF-001
35775a1f-40bb-4172-bc82-dc52295f8579,79ecf404-d19a-4ffe-b047-1480c8016875,JAF-002
a6803d49-7396-464a-a56c-a69f0622c96b,3916aa22-3a78-49b2-bcd0-51424be659e5,BEV-002
ae48a6d9-0e67-4eb6-8ba1-ccf2bb7dccd1,3916aa22-3a78-49b2-bcd0-51424be659e5,JAF-002
538b861b-18ce-4a5c-9664-98d19ce1e866,a4e3a3d1-e3b2-408a-82df-166a9313e73b,BEV-002
783450a8-9031-4330-a27c-720ce75f74ac,a4e3a3d1-e3b2-408a-82df-166a9313e73b,BEV-005
b11eb4f9-73fc-490a-9bca-16651941e750,a4e3a3d1-e3b2-408a-82df-166a9313e73b,BEV-004
748a4e32-46d5-471b-b444-eb3ce816e1f5,a4e3a3d1-e3b2-408a-82df-166a9313e73b,JAF-004
e1a5dcd1-1e00-447e-b320-aeac50ba9f33,a4e3a3d1-e3b2-408a-82df-166a9313e73b,JAF-004
bed88adb-235f-4fc4-b219-24f731478a57,a4e3a3d1-e3b2-408a-82df-166a9313e73b,JAF-005
a98ae5f3-316d-468e-ace9-7e87de8a3aa5,2176c806-5076-4ea8-9ff1-13973ead0a17,BEV-004
0d383be1-a8cc-47a0-afbf-c576415c0a03,2176c806-5076-4ea8-9ff1-13973ead0a17,BEV-001
6024bf3a-f032-45a5-9d51-ad5c399ebae3,2176c806-5076-4ea8-9ff1-13973ead0a17,BEV-005
a0b8b06f-9bad-4400-8c86-7bbc26b3ef21,2176c806-5076-4ea8-9ff1-13973ead0a17,BEV-003
eabe14f7-b778-4148-9e46-ad5827d8ab8e,2176c806-5076-4ea8-9ff1-13973ead0a17,BEV-004
b9d31c9c-fa61-4d5c-9224-c62c4403b2dc,2176c806-5076-4ea8-9ff1-13973ead0a17,JAF-001
048eb174-4f8e-436f-9395-ab8dd8b1e9f8,2176c806-5076-4ea8-9ff1-13973ead0a17,JAF-005
46b84744-2a28-44e5-be22-9db79e160ca0,2176c806-5076-4ea8-9ff1-13973ead0a17,JAF-002
f9523c34-5a16-4d6b-8958-984fdcebfb0e,2176c806-5076-4ea8-9ff1-13973ead0a17,JAF-004
4019a0d2-18ca-4823-871b-825def9a0539,2176c806-5076-4ea8-9ff1-13973ead0a17,JAF-003
8802d993-fcac-4856-b523-a978252c4293,0c6aa03d-c6c4-45d0-b9e2-cfffba99c9b1,BEV-001
752298de-ef47-4d6f-86c0-846dbf019262,f4de12f2-55a6-4701-ae49-2279cdd4e095,BEV-002
830d1018-2008-41a9-9ba7-ebae2c0bbdf8,04ede2f1-b4a8-41a5-ab5f-2543cb9f87ce,BEV-002
4b5a6ced-ba22-4a42-9ce5-1e7a2d414c66,f616a543-080d-44f6-ba4f-6b82b16dda4d,BEV-004
d0ecd4dd-057e-46a5-a14e-b42d2d46ed71,66f74842-63c2-4ae5-8862-2fd36ca1679e,BEV-005
ba55817a-808b-4b25-9d45-75bfd00a2d19,66f74842-63c2-4ae5-8862-2fd36ca1679e,JAF-001
5a7c3e50-ce56-4aef-a8da-784c8f9d98b5,be873831-ba63-4504-a298-1234a48994a6,BEV-005
211d74e1-dbe1-4755-8c05-db2147fd27bb,9b4b6796-5522-4f26-b8fe-e0ac150cf8ba,BEV-002
180680c7-f6ff-4859-94b8-4e9c79b0845b,9b4b6796-5522-4f26-b8fe-e0ac150cf8ba,BEV-005
ab1eb3cc-8952-4827-985b-64be9cfc39dd,9b4b6796-5522-4f26-b8fe-e0ac150cf8ba,BEV-005
65d8fd7d-88cc-4d96-8485-cfd38a3a3823,9b4b6796-5522-4f26-b8fe-e0ac150cf8ba,JAF-003
62322056-39a0-445f-a1dd-7f7dde33f437,e5ada953-954a-4db4-9a1e-05338af20dc3,BEV-004
ce000e86-971b-4ae3-a8fb-09c576ab1155,e01be214-300a-45ca-b15d-f82c3a6b525b,BEV-004
67317bdd-0457-4dd5-8135-06b8080ecd79,6cb48320-1724-4d84-9f9e-6ec23a721b35,BEV-002
85691253-81d7-48bb-87f8-13b1fd02536c,d6b7a0d0-5f24-4f88-a712-8849559706af,BEV-003
70a08a76-aacf-454a-98a8-a8018bd5c3ac,d6b7a0d0-5f24-4f88-a712-8849559706af,BEV-001
10119349-eb98-4bf5-952f-82564d78ec37,d6b7a0d0-5f24-4f88-a712-8849559706af,JAF-005
16bad0ac-69f6-4dc5-bea1-5961b7d8b087,d63bfef1-d929-4b37-8a45-647cc8654ffb,BEV-002
4ac15742-9541-4d80-8668-0dde69e17a1e,d63bfef1-d929-4b37-8a45-647cc8654ffb,BEV-002
dcb0b00c-15a4-48d8-b5ab-9291e735096f,d63bfef1-d929-4b37-8a45-647cc8654ffb,JAF-002
0d431a9f-c090-4788-9d60-cf356ba5a348,b140b01b-1cdf-449e-a2cd-470583bfc03e,BEV-005
02b0cda5-9f57-4e39-8c35-17dd46cd942d,1a62ecd5-64fc-4d6c-81ab-df16216edb0d,BEV-002
c0cdb717-8366-4940-b102-cecbc4055cbc,15a7a06b-6bb0-4230-8f02-048599b43164,BEV-003
9ac4e977-393d-47ae-8792-f3e381ff63ba,92bdb1a1-33f2-4835-a0ad-cda5f7ec3bb4,BEV-004
f9b7650c-85b6-42bd-88c0-88f772cb3abf,32532ed8-511c-4ce5-8497-186bdd57f1ea,BEV-005
8cf01561-8079-4c11-ad4b-14b1ad8744ea,6de10662-e697-4746-ab65-c6c22415555d,BEV-004
519968e1-57b3-43ec-b434-a4d0feeecbbd,0c8465a1-0022-486c-b4c5-0ef027ea838f,BEV-001
e7219fc0-f6e2-48df-8c68-67a7d8ade993,d056b6c2-428d-4764-8b60-84ba3d15e4da,BEV-002
5c27bdcb-6f6a-40f5-bdd9-3841a403c363,03eba7cb-9216-43a7-9c94-b73ec34c4a9c,BEV-002
3ede844f-0e88-404c-b72c-06cc5e2bd14d,bf034d71-9afa-4d0c-a92d-ea329c613d18,BEV-001
20031e81-e9ed-4138-8919-c58fdbd376af,b089dc3b-7883-4036-a1d6-25365af4e551,BEV-003
5298e480-6bdf-4f9e-acd6-961e8a08abe4,b3022afe-5e7a-4b93-bc13-168fdd4882a8,BEV-003
8141ec36-2abf-4114-a077-3be0a1dc38c1,b3022afe-5e7a-4b93-bc13-168fdd4882a8,BEV-002
8f028790-70e0-48ce-965c-87078f0f9833,3b2f633d-5c6d-4588-9ad1-26f2938f89db,BEV-002
bb0b07a5-334b-43d5-bf48-8c5b58d41a31,c068bd57-cc41-45ac-9dbd-4309ceb88cc9,BEV-005
7667ec06-db31-4bdb-bfb4-d6a2ae0cc789,c068bd57-cc41-45ac-9dbd-4309ceb88cc9,JAF-003
608562e4-0d7b-4670-b187-81611412ea3f,bf1fe095-05b4-455d-b24c-862ac813e1ef,BEV-002
7762a61e-732b-4b0f-821c-08e88564e44d,d8019b88-42d3-420e-a199-a0cb0fe4c035,BEV-002
a6c5d49f-8a03-44a2-b909-4ec5dafcaae5,56e05b85-9a02-4dd1-b4bf-f733609f53e6,BEV-005
b82cd487-2001-420d-bd9a-8956eee163d7,e12dd370-8066-4398-a670-c4005e20f998,BEV-005
4b236f8f-4afa-42a5-a48a-8993de9f65b0,e12dd370-8066-4398-a670-c4005e20f998,JAF-004
4c1d0a02-f875-4bee-a8ad-68b7e216931f,6f417433-4554-4e95-bae3-815abe5a2448,BEV-003
b5a132a0-cefd-4af5-b322-bac887f29a55,f9bd0ae5-5db0-46c4-a88e-c8761bf6fe69,BEV-004
9c5b0259-03c2-43eb-a5c0-9e0419828ffe,c4000bf1-7bba-40f9-9c74-43d821550fa6,BEV-005
33feb619-2e1f-457b-9f64-80652c6f8bb5,0ddbfae5-f75e-473b-8d67-8ec2f3d86c2c,BEV-003
362f4c61-64b2-4908-a2bf-2fb15f8fdf74,0ddbfae5-f75e-473b-8d67-8ec2f3d86c2c,JAF-003
231e4270-02cf-4936-a54c-84935b3251d4,8284ad7b-4374-4048-84d0-f0781c9e12fe,BEV-004
9e4f6331-ff20-4aa3-9a87-b18951fbc312,3da6f4ab-3126-4ceb-9377-ab133dfcbf39,BEV-001
c25dca84-2276-4e7b-90c4-9199e80c1aaf,3da6f4ab-3126-4ceb-9377-ab133dfcbf39,BEV-004
7e71e5e0-244b-4154-9d5f-d4ed65eeb6de,89a6438e-60a6-46f9-82dd-5c4ab6f60c6c,BEV-004
11179cb5-b051-4401-8088-a73f4bd8b01d,24103094-b7dc-463d-9a37-a817c8821ae9,BEV-004
8baa6523-6fcf-4c28-8aa2-6e714143ad91,ed5ea30d-4019-4e92-85f8-890d6882cbfb,BEV-004
26fce2ba-bf43-4e81-87b2-16e96bcfd382,ed5ea30d-4019-4e92-85f8-890d6882cbfb,BEV-005
a12ef207-614f-4a3d-884b-23334e0f1bef,9de9a21c-600e-4bd5-9008-470594ed172f,BEV-004
139bb175-afe3-4367-9f78-bc3df53da74f,857366e2-8b32-4715-ad82-d5e8d7256082,BEV-002
a4249744-402c-4434-af83-fdf29fad2f96,5988a97c-2391-4bc6-a3df-3f3524a554fc,BEV-002
875a8eb6-56f9-4bc1-b031-c80fb60f1a25,df92bb8b-d37b-45ba-88a8-599077470605,BEV-003
77b18f85-2359-49cd-9561-6b53edb1c4b0,df92bb8b-d37b-45ba-88a8-599077470605,BEV-003
bb080564-b0c2-432f-ac13-3efcb4f77cf7,4adf2e44-d807-4515-9619-60d326a5f8fc,BEV-004
27f75c13-88ca-4840-91f1-ece03200ae12,5b193fed-af49-4b67-a6f0-19c7584af32f,BEV-004
0c26ac51-64b9-4b09-8b44-721762feae4e,5b193fed-af49-4b67-a6f0-19c7584af32f,JAF-002
ec17b49e-11d4-4d13-8438-c33e5f1453d5,fbc8eb8e-8714-4eaf-bc7a-1bfd95ac549f,BEV-002
0ad97d8b-1e71-46de-bf2a-2cc99dff7836,7ecfc8de-dc16-4eda-a749-34c799c03647,BEV-005
b5323c04-258c-4df1-a564-ced5346ebecd,7ecfc8de-dc16-4eda-a749-34c799c03647,BEV-003
95291bd2-6d28-4932-a469-36cb1345378f,b7452a94-61a5-4896-abd8-d06c1748b0e0,BEV-004
bcd44a28-16cd-41a6-8edc-dc5f8cbf7a2c,6021565a-f118-4bdd-b374-f91ce0ce2ddb,BEV-004
4eecc212-43aa-46d0-8868-d582449740db,e68e7d35-72d2-4b8a-bc43-d5ac32675ae3,BEV-005
d88e5723-c127-4c46-86cd-a0537e7a1ccf,24ee6a5f-96a2-4ca0-8775-00ad6582c50a,BEV-004
5c94f248-4b74-4b31-811d-af30ec14f167,24ee6a5f-96a2-4ca0-8775-00ad6582c50a,JAF-001
14f19893-00ca-4b3a-ad52-ebcfb0f040bd,d0d380ff-36f1-4510-8f67-cd1ce005328f,BEV-002
a5530aad-bd91-47f8-bb47-5e82cd3dc3cb,edb737d4-337b-4858-95ed-d88b8a543af5,BEV-005
feefc7c4-5d93-42a5-b2e2-a13db572b50c,8f499855-56f0-4a85-9d5e-f43e5ebc3ded,BEV-004
cf0cf84d-de07-4a1c-8dd6-06fd02d3203e,4417de4c-85a8-4944-aba7-9a2552a46ccd,BEV-003
ca403e1f-711a-4372-b8c4-7ac6667e4d7c,4417de4c-85a8-4944-aba7-9a2552a46ccd,JAF-005
c3b55eab-066f-4f26-93d5-392cb2e21117,4417de4c-85a8-4944-aba7-9a2552a46ccd,JAF-003
a4ee54a4-c77a-4c95-95d1-2bfa6765b4b3,dab9095b-cf6b-42dc-9c66-f92002cd56e2,BEV-003
79506e4c-44d1-4120-b0cd-e722f795a7aa,dab9095b-cf6b-42dc-9c66-f92002cd56e2,BEV-005
1aff4cf3-5c5a-4a4e-96ec-a375d5825410,61733530-6fe6-4a06-9120-0475623bbe22,BEV-002
73395986-cf77-4107-b8e6-d79732d936ae,c4a7d5f8-6ef9-4ca0-b145-be7c713d26b5,BEV-004
bfc051d6-07d6-4343-8610-c24031f6ea45,122552ce-664a-42c5-97bd-91e3f631b8fe,BEV-003
0129b9d4-3ef1-4562-853c-b9df9a82b3ea,122552ce-664a-42c5-97bd-91e3f631b8fe,BEV-002
d6fd7e23-9062-48f3-bebe-06e5a9fd7d43,7d010150-1635-48bd-a937-7eaaf25dc5ac,BEV-003
a5cdd3a0-1abc-494f-a93e-be7a6c077518,c4557e3e-73af-4ee8-b749-dd41f959b172,BEV-001
c3cb0ac5-2aff-434c-819d-41740ba40ad9,7f5f5a4d-5432-436a-b6c8-208cc25fc283,BEV-003
33e4e4f2-d608-4c84-8ab7-ab8b83faa082,6fca4ba7-19cb-4979-83ef-0991179ee16c,BEV-004
6fbad945-276e-49ee-b5cc-ca92d00d4bd4,6fca4ba7-19cb-4979-83ef-0991179ee16c,BEV-005
8108a24c-f782-4534-9a14-7c2e7ecbf99c,10ceb5df-7923-4ef8-b85c-5c336f24637a,BEV-005
b6c97adb-d3ee-4f44-8bc3-440e1714e7bc,407a0c97-ff75-4b46-b4e6-0757e67c327f,BEV-001
825652f8-7a5b-4571-82ec-22bbec1682c8,407a0c97-ff75-4b46-b4e6-0757e67c327f,BEV-002
af94a4d7-034b-40f8-8aec-dc5d5e838a70,d377ab2c-dc7f-4eb6-907b-4246e9bd6a15,BEV-001
54336e59-4952-4ed9-a644-2d338bf9ee82,ac9e6f11-27c0-4e9d-ba93-1d2467e62f49,BEV-005
beba0a98-531a-483e-9406-8f3411cbccbf,7039077c-20f1-41fc-9386-0030518ba6b4,BEV-005
5a2176d0-227d-45aa-8805-f88527e3052f,3a71a3b4-9184-4d6a-877f-fedbeeaaecd4,BEV-002
4468bb6d-5eb1-4352-8442-132d9ba2e811,2d83cca9-eb26-4144-9660-2f4d2436c37e,BEV-004
d7c50365-4ace-4362-848e-8d4077ca1ecb,2d83cca9-eb26-4144-9660-2f4d2436c37e,BEV-001
bbdf2c86-3cf3-4b52-bb79-02c1b8a30f02,834c86cb-2afc-4cb7-8f67-5e481c622efa,BEV-001
6c7cadc7-7172-459c-9faa-ff40cf15f7a4,834c86cb-2afc-4cb7-8f67-5e481c622efa,JAF-005
943b841a-8102-4d01-aab1-265d0a989ec5,f47031fe-eaa5-45a2-a5ac-5f6ecb7abdf6,BEV-005
352d678a-dbe5-4b64-b3a5-b93d16a5a9cc,59328b1d-7a1d-45c8-b2e2-b854c3f63107,BEV-003
93e8dad9-bd89-4b91-b230-b3e82c29f72c,59328b1d-7a1d-45c8-b2e2-b854c3f63107,JAF-003
d0de91fe-e976-44f8-a0da-c811bdd06769,6c85f4d5-e954-40af-be3d-0b470d28272c,BEV-002
42695a64-7ecc-454f-bc12-d6fb899c50de,6c85f4d5-e954-40af-be3d-0b470d28272c,JAF-003
1bc9f380-e5b7-48d8-8ce2-64ed6557c0fc,85cd2e15-8111-4c35-88dc-cd809c7b56c8,BEV-004
bba6a63f-d29a-479a-81a5-c386f4b34a77,ad8302c8-804f-4279-9ca1-8dacbc57f5c5,BEV-003
93a162e6-46d0-4a8e-bcd9-82553835b750,15a986d1-6fbe-4324-9acb-2c30469f5575,BEV-001
0738574b-c195-4f7a-b304-c980b791336f,15a986d1-6fbe-4324-9acb-2c30469f5575,JAF-004
9a6f7182-a6d9-4423-9823-00987cd0aab2,15a986d1-6fbe-4324-9acb-2c30469f5575,JAF-003
9fd5a796-f00e-4a53-b06a-d02497b5701e,db050d1d-7335-4c4b-9f6c-18dfd66dec89,BEV-001
071d29d7-c119-4c2a-af71-40e027f813ea,3a010528-b3d5-4277-b057-858c96087dd0,BEV-005
1e2d0253-fa85-46ca-94a8-d1b935fa8e55,61cec9ce-0a76-4cae-9cb5-a4a019f325f8,BEV-004
4b646828-dedd-4111-8d81-54254c3805fc,7bacc8bc-d208-486e-b0f0-2c37eaab472d,BEV-005
de89d172-9b4a-480e-9d90-87672d9cff3a,7a279c5c-fb8d-46b7-b3ed-ec2fb2b4d2b4,BEV-004
364c9238-b489-4a51-9940-373509f54945,833e53b9-3523-4b12-8047-d93f0603b216,BEV-002
272a5161-2fdd-4924-9056-fdb19ecc5050,739c87ec-f091-4777-8085-05cac65a7569,BEV-003
1fdc44cc-30ea-4ce5-83eb-276697665875,dbd9a188-2c52-4de1-9538-baf76a9551ff,BEV-001
2eadb483-0564-4330-a218-1699f90c8117,afb84d41-1bc7-42b5-81e2-053fe40e92a2,BEV-005
1465c59f-7696-45b9-a126-82198abbbd6c,bcd6bc1b-657f-436e-8cc0-db651fc618e1,BEV-002
bed8ef33-c974-42c8-b6d7-d83ff1af9556,a83a6947-7786-458b-9f75-f6efb225d176,BEV-003
1470617f-8ecd-40ad-9d3d-9ff684ddbe92,7ef45423-296e-450b-8911-28af362a83b6,BEV-001
cd428682-dc3a-4e29-8961-b4b3ba09e08a,7ef45423-296e-450b-8911-28af362a83b6,BEV-003
6fe8dac8-907c-4c85-8ed5-2e608e48ddb1,7ef45423-296e-450b-8911-28af362a83b6,JAF-001
89fa3c85-6b69-45d7-8ad0-d29d6f42c82a,95fad0db-4aa0-4eb5-9a1d-2ee9d915ec0c,BEV-002
51ad763e-e4a5-4418-a833-fd0ecc7b5a52,b9c203c8-8eca-4a2d-a925-1beb3d479df8,BEV-005
ecd33f04-615c-43b3-8f6e-ad2701f87880,7eb1b9e4-2c2e-42aa-9afe-eb6558a4c9df,BEV-003
a10f693f-9e11-467e-8ffa-0fb2ccba16b6,6802a272-5f38-4457-80da-e658f5506095,BEV-004
a57ead30-6dff-4263-bb18-64c82a1737be,2ce3d3d6-2827-4a6f-b205-7e2b54a9a7e9,BEV-001
ff107cd6-a004-478c-9e15-0231a126dd4d,706ad8d7-8d5f-48d2-86d0-656f756f616c,BEV-005
b8a8355c-8739-4031-a963-32a28a6591e8,3402b33a-c013-40af-b9d7-69352a27fcf6,BEV-001
53b10ab6-cfb7-4b31-9377-833abe1f5169,aed124d1-e521-4491-a039-a5073e7ab5b2,BEV-002
0a295225-521f-4a39-8ba4-8fd43c2086a1,1fa6ffa7-092a-4721-9e82-57516c75fd4d,BEV-001
e457465a-d6dd-4752-b0a3-073401cc8d27,1fa6ffa7-092a-4721-9e82-57516c75fd4d,BEV-005
f837a391-06f5-4d6c-9927-ccee4dfacae3,fde9092e-835b-45af-9a0d-29de53a0df25,BEV-004
f0f0770d-64f4-4870-bb4a-88b37f2b5e2e,c77c8e25-4654-479d-9b4c-a05e1ed8de41,BEV-003
6e7610ad-3373-47d0-81e8-9b6aabe20f73,c77c8e25-4654-479d-9b4c-a05e1ed8de41,JAF-005
b89abdca-1411-491e-af22-73edadeb6e20,d467e788-f0f5-436a-8560-615a8f723117,BEV-002
92cf4501-7779-4834-8f44-d149407851b0,d467e788-f0f5-436a-8560-615a8f723117,BEV-002
2a262b7e-2132-49da-a629-a7f362ef2b50,d467e788-f0f5-436a-8560-615a8f723117,JAF-002
65aac578-d6a9-432c-b0c3-29c0cb8865a2,312079c1-ed02-4d69-b73f-eb2aa88b1c1d,BEV-001
a64eb217-00f8-45e9-aa8a-886fb8f22ca5,a1499820-38fc-475e-a980-62e0647f9dc2,BEV-002
8c363f4b-24c8-4597-adaf-d500e1925c82,5d65eb2c-2a27-4ffa-966f-f265324c4e29,BEV-003
9a186fda-1977-4739-a478-a0e0fdb677e5,da5d6c25-c7b6-4a27-8006-7082ac393417,BEV-004
03a60c8e-c3a8-4f2a-a8dd-54ac8312588c,c848c581-1f35-4d17-be37-91dfc2d6224c,BEV-005
fdec8c85-1b02-4524-b430-80be15a570ab,31e4ecc0-eb26-4192-82b7-9319d5c1880e,BEV-005
b3fbb074-4804-426d-b00c-3685ee44667d,1eef8717-b703-41bd-b4e3-5ff7ed7b0c1d,BEV-005
fe3c7199-9a66-4a64-87cc-d01224f61a7e,770b44c2-c6c2-491d-92fa-c456fd5c7ad4,BEV-003
a26f7919-f364-47a9-b52c-3f19287fca7a,213b1104-e226-4aab-aac0-71d52b2a3044,BEV-002
1c2e55cf-085a-4fed-a6d7-1d5e22cbe50d,a4bb9e2c-004f-480b-b120-aba058f59cd2,BEV-002
96225119-db16-49a4-9729-1a46932540fc,78d2aa92-bc0e-49bd-ba75-b9b643486563,BEV-003
ee12fee8-f1f2-4b2b-81eb-5b98c7ec203c,692c7c55-d9e2-48b7-8d32-dfff59093767,BEV-001
ff76aa87-5d25-4f4a-9cf8-41cbaa1c67d6,692c7c55-d9e2-48b7-8d32-dfff59093767,BEV-003
4dc76442-b3c2-45e9-807c-50a0e37be131,2928e991-8f18-4ee3-a93b-92c2700bf788,BEV-005
9fe496ec-b63e-41a7-9210-5610200ec9c2,831b900c-f0d4-448e-9003-6938e9c1d52f,BEV-003
3bc3a9fb-d08b-40d5-9479-0a447e762bfd,900ccbe7-018d-4c47-8ec7-f83719b4f76b,BEV-005
16c65262-65d9-415c-9b77-8fbf4a314e2f,53ac7d47-5548-4d3b-9fdc-d4d895fb95a8,BEV-001
5495dcba-a19a-4501-9c37-bfe7b700aba2,53ac7d47-5548-4d3b-9fdc-d4d895fb95a8,BEV-003
551fdbce-17d1-4a9b-8124-def555af4fb3,41b27697-3b0d-4637-9c2f-930ad7db76b5,BEV-003
92b74c5e-2aab-4acc-a5f3-44ef251697d3,58525e55-dc7d-44cb-abaf-b4d64f78ac66,BEV-004
e0178dc4-5b87-45ad-a6af-fd02e1bd4b2e,966bc0b0-c20d-4e5f-a765-6fcaffdbe425,BEV-001
68189c60-e0fb-4b15-8f45-91f2627b0834,966bc0b0-c20d-4e5f-a765-6fcaffdbe425,JAF-003
07517188-d6a8-48e7-a2ca-bbed3726f326,966bc0b0-c20d-4e5f-a765-6fcaffdbe425,JAF-005
95be513e-9228-48b8-b92a-43726bd878f1,6cc0fc94-fb3d-420e-9536-7113b875fb53,BEV-002
8817caeb-e6ca-4fd1-a62a-c79ec61a05a8,791a77a6-e016-40c4-86e7-449b0c18ebf5,BEV-001
b629d47c-a469-4698-88b1-e7f610125b40,791a77a6-e016-40c4-86e7-449b0c18ebf5,JAF-004
4eb14c7e-97a6-4eaa-a346-3f3e5c998202,ac840355-2b83-4065-96c3-791ff35e9623,BEV-002
37408981-a935-48fa-97ed-0d941fd0c536,ac840355-2b83-4065-96c3-791ff35e9623,BEV-004
04984f4e-e26f-4a9f-9d7f-6d72eb0101a5,62a0ddcd-593a-472e-a22b-3f3445a34c33,BEV-003
768fcc05-c05e-4219-b02e-bbb3e85ce355,b4c92404-de98-46f6-baad-89ded46792cf,BEV-002
0b08cfa1-bda4-40e7-bebc-a6d762c8f82a,862b86da-d608-4346-b337-abbccabe5aba,BEV-003
a4659373-188b-41cc-8bac-6b81b5154253,21f1b928-eff3-4d3a-9a2e-042ecfa64359,BEV-004
cb915569-bb3d-42c8-818f-1c8ab1bf05df,d799e0bb-84af-48d0-9196-fe2b9f0e38aa,BEV-002
bf5acc38-853a-42a7-8958-46071c41a08f,d799e0bb-84af-48d0-9196-fe2b9f0e38aa,JAF-002
befb7754-f7ac-45d8-bbc0-a67254a4c154,d799e0bb-84af-48d0-9196-fe2b9f0e38aa,JAF-001
421b2ef7-ba23-47aa-9b5c-0228fb7b331c,44a12a6d-3da9-4045-8082-5c2d3bc79b9c,BEV-003
973c7b33-89b7-4f80-bca5-f9881ddd396f,010ba27d-675a-419f-8133-23c1d58fdca3,BEV-004
ccd56efa-0d70-4d85-83cc-76f697d7e694,2b918812-b9ea-4093-aca9-5809ed4f2fc3,BEV-002
abc557f9-725e-4c00-be66-be846a96564d,c317afac-4a45-46b3-881f-877d70c5daf3,BEV-003
f6ad3b64-d1d4-4aea-914a-100bc4c675d3,aece073b-f2cd-441b-a9b2-bc63ead10161,BEV-002
21993dae-9ab3-459f-b752-ead87982dcfa,99ead430-e833-4430-b00d-08874a372fc8,BEV-005
2943eeaa-c745-4707-8341-c704481bf189,f881e955-0e86-4506-872a-3b714004fd4f,BEV-005
7c86950b-696c-4a78-b83e-5835d93a6205,f881e955-0e86-4506-872a-3b714004fd4f,BEV-005
dca7284a-8ace-4ba7-b7b5-24e71e637d7f,617d3c1d-cc5a-4588-a2a2-1a801e0cc190,BEV-004
3c18032c-5f2f-4085-b5c6-d544e41a4954,3710ebce-43e4-4117-a6b5-18eb7e4cd881,BEV-005
7ff73151-af28-4ffa-8e6b-b49c077dac17,b9284db5-6874-41dc-9bd3-87115c4d54d2,BEV-005
b305fa32-4429-40cb-9ca4-92a4cdf3ab38,f0c850a0-a362-4d30-bb5b-ee0ef82d6942,BEV-001
a005ebfc-4d5f-4fc6-985d-67d901267b3b,240c4943-fe5c-4418-b07d-57a76ccba478,BEV-004
04df36bb-5d07-455b-ad0c-068d4298a8cd,c9d61e35-d8ec-4cbf-8c18-7ab31259a790,BEV-003
5bdece87-bf2e-4c88-b24c-a19e321f6717,c91df46a-5086-46d5-82b6-c085abd3e190,BEV-004
827e98b7-aa13-48bd-b1ab-38b697478d3a,c91df46a-5086-46d5-82b6-c085abd3e190,BEV-002
a2492768-b3cc-40a3-b3f2-6c986931fa84,10c69a4b-ece0-45fa-840f-4c97ccd9349b,BEV-002
417c6d67-65cd-439b-b860-b4cdbeebc912,c3b24503-2ff8-4f3f-98c0-0c3d9368c630,BEV-003
ff55f239-7212-4397-b337-b7571686a68b,7faefad6-490f-4cca-96ac-700b5bb90c41,BEV-003
4b7e13ac-2c9c-4649-8ebb-442b02f89c86,6578b653-1f3a-4e2e-bc86-a5c29bd21973,BEV-001
1c6dfbcd-8fc1-429b-8b66-581e381c181a,854080fb-15e8-41f3-aa28-9c7c28ad7d63,BEV-004
6913d333-6e43-4618-9dfc-a2d3d0ac9ab0,65386642-4a0d-4d12-a7df-566dfd0f749c,BEV-001
b7398041-06d5-426e-83db-96bf77ae89ce,1b495783-fcbf-4be5-abe3-0cdad9ad1823,BEV-005
66e5cbb3-4c3f-4a6a-bc65-4ad0cfe2e46a,120758ca-5f66-4810-b9f1-eb1459ee90cd,BEV-005
e1e2e7e0-e1a8-4ced-a75f-40d1257c67d5,448644b9-f261-4010-af56-74c94cb0ea43,BEV-003
08edafe7-e808-4f2c-be4d-9845b0ab2c75,448644b9-f261-4010-af56-74c94cb0ea43,BEV-001
27df66b4-e2d8-42ed-926b-bf8592dcf203,c21da6f3-151a-4141-bf6f-1575e529cca4,BEV-004
8e73b9bc-d220-46dd-85a1-50eb0d5a75a2,f8f1cf3d-a302-4559-8d26-9d6267749266,BEV-005
042c1362-d25d-4530-9bfc-f913ba9b8ea2,f8f1cf3d-a302-4559-8d26-9d6267749266,JAF-001
f6050ffd-b319-4296-aa67-f68153a66bb9,f3ed195c-d499-4f36-9736-08a35bf373a3,BEV-001
e86fe461-a88b-4cba-9c1a-639ebeaac18e,f3ed195c-d499-4f36-9736-08a35bf373a3,BEV-004
1c6001e3-d0a3-469f-b4bb-70259fe219e6,320c7782-98a3-4ab5-93fd-f2c7f46f6165,BEV-001
aface743-9162-4be1-ad36-aac1aee19a66,ed06992e-2bc6-447a-861d-93d826ab944a,BEV-003
7f9e0cae-afb7-4a71-a4af-27ec9c7d7e06,2ea78b6e-3174-4a21-9872-850440c1459a,BEV-004
1c2ce053-9307-4cf9-a80b-af8d80a3b6f3,6951215f-de0e-4436-a627-a140049eb58f,BEV-004
9d22772c-c1cd-4b5d-aac6-a28c262e3418,ea941abf-3fd1-45d8-9d91-1dd52bd8118b,BEV-002
20a456be-2917-425b-abf1-f537dec67237,a8ff9998-b78e-4166-ae58-2a5558e2f8ac,BEV-002
997d34db-45b6-4b3a-ae2a-ed7fcf307a64,efe13b24-51b0-47d6-b58a-cc3cd90b5a5b,BEV-001
ea3c8885-ae5b-4c67-abb7-2ea9c842f52a,57cbe2a1-45cb-48e9-b457-2aa44b1c5f31,BEV-005
7d6a2325-9093-4d89-8582-fe55edfb481b,57cbe2a1-45cb-48e9-b457-2aa44b1c5f31,JAF-002
c9efcc8e-09bf-4f0a-9a06-b2d24224b684,356d1cee-55df-4de5-88bf-c33caf53a01a,BEV-002
d39f6c1f-cbfc-4a55-9e3b-251419cfa0b8,7747ac20-b50e-476f-a3ab-ba2bc819718e,BEV-005
cf242f1b-3bf1-4312-bfc4-a8c09ffaa53d,7747ac20-b50e-476f-a3ab-ba2bc819718e,BEV-002
0206b2eb-68d3-4072-a3b8-e916111e2f8d,6c16f41b-a985-4dba-8d84-480b6855504c,BEV-001
426c275d-91e3-4589-b5b4-ce2eb6ce97b1,e6888a6a-f7f7-4762-a13b-00a2ffb3a206,BEV-005
947ab3e6-22ca-4559-9219-b3ff1d7546ff,aa8e6b01-6d5f-4bec-b2e8-31a5a6c41b8d,BEV-005
4cd06add-ad89-4937-9a80-4123c134c9e1,2f65c153-ff24-442b-8538-4210d96fee3e,BEV-005
c9ae903c-82e9-4900-9844-701e3cd57925,2f65c153-ff24-442b-8538-4210d96fee3e,BEV-002
de6832ed-48ef-43e6-a2eb-b812934d2f61,2f65c153-ff24-442b-8538-4210d96fee3e,JAF-001
4da37d28-4d95-435f-9cc1-c54114947ff1,ee2bc801-530b-4200-9ab8-70674de0e0c4,BEV-005
0c1c83b2-e888-4c78-8b12-65b2f3d98f0f,b8b1a1d7-e7d7-43a4-81cc-1f9a54f29f1e,BEV-002
bc06039f-a210-471e-a09b-487ad246174a,b8b1a1d7-e7d7-43a4-81cc-1f9a54f29f1e,BEV-004
9865c9b3-91a0-4764-87e8-358098afc98f,b8b1a1d7-e7d7-43a4-81cc-1f9a54f29f1e,BEV-005
5dc46017-78f7-4a6d-b4bf-dd9bbea14337,b8b1a1d7-e7d7-43a4-81cc-1f9a54f29f1e,JAF-001
cae05b6a-4f74-4e85-a12e-b546b0451bb4,b8b1a1d7-e7d7-43a4-81cc-1f9a54f29f1e,JAF-003
fcf89b17-bb2f-475b-84ff-28eaf4102326,3d462e2f-1095-4ab2-a2f3-b723099bca9a,BEV-005
d1ec36a8-1206-4e4c-859e-3e73fb6408d7,3d462e2f-1095-4ab2-a2f3-b723099bca9a,JAF-001
5689212a-493a-4731-813e-78fcd46b7f4f,c6f63dcb-c2b8-410a-b99b-f82966cd7634,BEV-005
4af4b5d7-b6d2-48d7-b195-9b7639d932a7,cda5ae75-62de-49d6-8126-3107d6c619ea,BEV-005
24ddd79f-cad6-4ac0-aeb0-e7bbf7f356fd,31c83501-e015-4a61-91cb-ff3227a23a5d,BEV-004
a05963c2-57b4-4c2a-a08c-7236d6705488,31c83501-e015-4a61-91cb-ff3227a23a5d,BEV-001
2734c8ef-d4b3-4376-ab11-cd67e62ff9bb,31c83501-e015-4a61-91cb-ff3227a23a5d,JAF-003
6d654e5b-d6bd-4c80-a989-4012a78dee28,45611bc9-0da4-43f1-96ae-03962dcf47e1,BEV-004
f894ebfc-63fd-4076-b02b-21add95d9afb,21a0b777-a9d0-474c-af2c-65b9a8e983eb,BEV-002
91835e22-3de5-4e20-9d53-cccf2e745e56,24688080-7a19-475b-bf9c-5439644932c6,BEV-004
2d4085be-7327-495e-b0fd-8d21905e8025,ef9a4ff5-da21-41c4-926f-07a768c522e5,BEV-002
5b4cc1a9-325d-4b32-8a6e-605dbf4cd2c7,b6313f2c-9625-4f5a-9898-34f99cb02a1d,BEV-003
945aab15-5f02-4fea-a672-e983218aa75c,b6313f2c-9625-4f5a-9898-34f99cb02a1d,BEV-005
3070070d-a0e0-4364-b54b-b5c16188cd5d,11b721b2-9a2f-4a55-8ed5-b0be73223767,BEV-005
147cb16d-f7a9-44a5-a68c-e249aad5d8f4,c8207cd9-c837-422e-9dbd-2daa5a2fa727,BEV-003
b1e0aaf7-3f34-4a7f-b1da-ee7e224f3214,cca1efb3-c9bb-4496-8dc2-0496fff7000d,BEV-003
e47fc145-3c3e-4949-bcb5-5a19044b2d31,02030bbb-afd5-4494-bad3-cef232434891,BEV-003
2f395669-efd6-4acb-9c1c-111eb8dccacc,72b100c6-1ade-4bbe-8a62-bd69f67fe40d,BEV-003
f76e5ba7-dab6-4a90-bb58-452b304feb85,72b100c6-1ade-4bbe-8a62-bd69f67fe40d,JAF-003
1cfd8aba-7500-45e4-a600-169b4be2a427,72b100c6-1ade-4bbe-8a62-bd69f67fe40d,JAF-003
8b9d7e8a-9a99-44a6-ad08-c50ac0695683,72b100c6-1ade-4bbe-8a62-bd69f67fe40d,JAF-004
546771da-e75b-438c-8b69-303a4bbffce5,cc8038af-ca9e-4c7c-8e1f-305807751a6e,BEV-001
80e5ce7c-66ee-4c17-b90f-d78aff362b9e,cc8038af-ca9e-4c7c-8e1f-305807751a6e,BEV-001
01cdeb06-c18e-4549-8586-a45e24bb144c,50378cb0-29a2-4926-a7a1-f1d951eb45f2,BEV-004
6a8b3f27-d388-4a67-8c15-67d3becc468f,a5ffa71c-6a8b-4d51-8757-314b14d6fa42,BEV-002
9790fc0a-5b12-46a4-a5b1-1891899388aa,49437edc-bd52-4c55-a9ec-0a50fe077b8d,BEV-004
e8589d81-a1cb-44d1-8dc1-98c12c16bfb6,b6f73889-3d83-46b2-908d-6ef40a781185,BEV-003
7da17833-1db4-4681-9148-9df45caaa739,b6f73889-3d83-46b2-908d-6ef40a781185,JAF-001
f3e73d3a-22e9-4e7d-8b99-77dbc3567362,2e5da2f2-f35c-423f-9e2d-4025fa2c414c,BEV-002
9cdba050-158f-4ba1-a7f0-dc6c428f25be,12b137cb-0a1c-4d51-a2a4-1abaf259567a,BEV-005
6e40dd8e-b71f-42a5-a31d-e50379cbadc4,01d4cb43-c02a-4c4c-94b8-5246cb539468,BEV-001
4eaffc37-86c8-4ebb-8abd-2a41b7fc22b2,e72af39a-a76b-4df0-8e75-e770640e8b8c,BEV-003
f6509f5f-ed00-4104-9227-8f08168ec9ac,110621a1-47a5-4f6d-a28d-c989fea1663e,BEV-005
71da4736-e9e3-48b9-b58c-b0034025f2b9,110621a1-47a5-4f6d-a28d-c989fea1663e,JAF-004
65db5674-d1f8-43ec-b7c0-771063f6ca61,8e6bde6c-1015-4d68-bbdd-98a1e6383652,BEV-005
44b56e80-769e-498b-b430-3ced67add260,dcc39d8d-00b8-4cf2-998c-574aadb7bca8,BEV-005
68b38022-52e4-424e-8922-510aa9b9a07c,b6700bbc-5657-45de-ad1a-9c432f1a1b55,BEV-004
234a132e-c399-42cb-a687-90b4ad667f3f,b6700bbc-5657-45de-ad1a-9c432f1a1b55,BEV-005
81844c6e-9e4d-4a20-912b-759d89980acf,b6700bbc-5657-45de-ad1a-9c432f1a1b55,JAF-003
302c1b9c-acc8-401d-9eab-7e90c05d30da,e34fdd67-c2b8-4d3a-bd51-5aa584efd7e1,BEV-004
e14b925a-503f-4817-b8b0-7b210203b78f,e34fdd67-c2b8-4d3a-bd51-5aa584efd7e1,BEV-001
1e3bc76b-2945-4d82-b2e5-d7db7815d8fe,e34fdd67-c2b8-4d3a-bd51-5aa584efd7e1,JAF-004
d6e0ea4f-f9aa-494b-a3a5-f2d1906d31f5,e34fdd67-c2b8-4d3a-bd51-5aa584efd7e1,JAF-001
f45d89db-c160-47fd-a84d-ad2882f83712,2b8e5c05-15db-4b58-86cb-63efaaa4c934,BEV-001
2a7d7e80-464a-4a84-be94-d51b0dc68ef9,e88c054f-e761-4a27-bba5-a2c3954eed6f,BEV-003
7c2f3036-42e5-4ef6-a664-8a83bd0dfced,82b52077-550f-408c-bff1-d674239d363d,JAF-002
05ceebe3-b1c7-4017-b650-98262ee78f64,0c1b5d48-5417-4a95-ab57-5682760a6c5d,BEV-004
288f9706-3e6c-4639-ad7e-109f72b7924e,22a28326-5830-404c-883c-fb3ec3d8d965,BEV-003
f4c4a791-3a73-4b6f-9a60-bbd52c87992a,8629f315-5ea3-40f1-9f88-2327a06427b2,BEV-003
f19b24b0-7f1c-4fdc-ae9f-9e6008fc42b0,488df681-1fca-4a0f-a5a6-df6e58bf5fa2,BEV-002
dd3de6c4-558e-4a49-9cc5-fc0e4f10b2e3,ca7b6743-2b46-42bd-8be7-ded2adb9c267,BEV-005
b94efdd5-59e4-47c4-8518-6695d44f7263,8eb748f2-1712-4c29-83e0-c680fb8a7254,BEV-001
5d83bf7a-6539-46e3-b8d8-f3084c97ccef,af867d3b-0f0b-4e03-bd39-069e4fa3469f,BEV-004
15ed34fa-ab37-4fd4-801b-0a7b6db5d296,af867d3b-0f0b-4e03-bd39-069e4fa3469f,JAF-003
f17ac03d-c09a-4e1e-8dcb-e8c3588f252f,b8b0c2fe-4bca-4025-95df-8cdbcfd3003b,BEV-004
658158b2-feda-4956-a304-a705d8071d2f,b8b0c2fe-4bca-4025-95df-8cdbcfd3003b,JAF-004
672233ec-232c-4480-8c9f-7b7330651f1d,92bb4d7e-b37f-4e9e-9655-3b398161273d,BEV-002
4cbedc8e-0695-4545-9137-c8933d71c8f4,92bb4d7e-b37f-4e9e-9655-3b398161273d,BEV-004
6424b69b-12b2-4831-93f8-84f6d6e72e72,af79cc2f-7d3a-4f8a-9a51-004247e9909e,BEV-003
bb547802-d21b-4e13-a585-99e5c647b023,f87327af-f6cc-43f8-815d-f2826fcfb548,BEV-005
7e91cebe-e9f6-4bc7-8674-0d3e77ed4f37,f87327af-f6cc-43f8-815d-f2826fcfb548,JAF-003
b990bfba-f6d9-4ee4-b364-c066e814be5f,8ca24d77-4e30-44f5-8c15-256d7320bab9,BEV-001
81c13dd2-dc47-4cff-93c7-46880f96835d,4b20c671-1eed-461b-ac81-83fa75c3d593,BEV-001
520cd197-15ef-4dea-b2eb-192c1edcf7d3,c5d0d235-b3e3-4aa1-bf79-98f5c3008989,BEV-002
9312a425-0b01-4373-9419-5be140b5a957,a27f566c-346f-4d96-87ba-bbe3479d9e64,BEV-004
6b9dacdc-73d6-417a-ba22-612582db553d,51084257-f3c7-409e-8a12-44cecf4fd22e,BEV-005
456c8f18-62c3-4a62-b5b2-3bcfe9b6607a,b666c04d-b98a-4adb-b2be-c442d760dda9,BEV-005
f316fdab-bed3-4a8f-829a-76c0563f0287,e4aa2606-0398-4d24-89b2-b52b3473ee2c,BEV-001
83dbadbd-e620-45c9-81f5-2d21524e5f8c,7d2ede10-9a7e-46a2-9833-9602fc889f12,BEV-004
0661089f-501a-43fa-a7e4-dc9b5a172482,fd4ce27c-45b2-4f59-81b9-9640eb82a9a6,BEV-001
a098d9a8-b075-4083-894f-b6630e476520,fd4ce27c-45b2-4f59-81b9-9640eb82a9a6,BEV-002
ff1e7392-264c-48b7-ba66-357cb7c9b2c9,040160fb-f88c-4317-92a8-9de2a78698a4,BEV-003
f0357409-c24a-41a8-9418-55ea278cf4e9,040160fb-f88c-4317-92a8-9de2a78698a4,JAF-004
47d4d58c-10a8-438f-981a-b9ad1d751f73,6d8f9905-cc41-460a-92cb-411ffced6673,BEV-002
91096873-c1ac-45c2-84a5-a3dd438232ae,bd200b87-32fd-474c-8550-afe045198e36,BEV-001
701c8dc2-80f0-4819-bcc8-2b55898b6d1c,e20caae4-5b85-4037-a2f3-48a4d4fd0bf4,BEV-004
96132c39-6c58-4a9f-a825-f8adf1b0e304,e20caae4-5b85-4037-a2f3-48a4d4fd0bf4,BEV-001
8df1e61e-0309-4a30-8586-270725e3d250,42f292cb-7469-476e-9449-dc1fca1e7bf6,JAF-004
bb8b0953-2d17-4ea4-921b-7f86375e71a7,b279935a-7fe0-4d8e-af6b-1a7cc9ac37bf,BEV-003
4f1841df-b1dc-470a-992f-acfe65b7e35d,90bcf457-979c-44d7-b5d7-a8f775c26fe1,BEV-004
0dbfb078-fa04-4794-9edf-542ba795b554,047da55b-7b37-4019-9425-7f86887a5cbb,BEV-004
fcf0f92a-b3c9-4d40-8d8b-b9aad70c8f1a,1ab00df3-e378-4add-879c-1bd60056428e,BEV-003
791c3e9b-f67d-44c3-83e9-f67b19b728c7,df9ee036-f114-49b4-a9cb-87bb845f37e4,BEV-005
c15509b1-c7bd-4544-aaa8-fb7cb699188b,47bb96e6-e891-41ea-92ab-a7ceeda77060,BEV-003
6cbf50d2-64f4-4221-af7d-4fd82ff7360a,5a8e83cf-0011-4f0b-baa6-8c083ca2b283,BEV-003
600c9e22-8681-4b62-907b-8c589c926b0d,5a8e83cf-0011-4f0b-baa6-8c083ca2b283,JAF-005
6815f18e-252b-4b16-8115-c40970910eb8,adca7bf3-f892-4718-a484-4c45cbb65012,BEV-001
99596acb-7c67-44b0-be70-9216fd13ce39,adca7bf3-f892-4718-a484-4c45cbb65012,JAF-003
234924b1-624f-4a23-92e4-5564d131adce,e1778573-fbbc-49b2-bb5d-a2c22cef9bb8,BEV-004
4411ddc9-5a5d-497b-8975-9893cc5437c8,c7997d31-70ab-4d54-9d78-00b8e093bec7,BEV-001
2c5ff152-ef02-4994-ac5d-82f0da1e4c9d,c7997d31-70ab-4d54-9d78-00b8e093bec7,BEV-004
8ab10b20-4171-401b-a0f0-5065297bdd0b,0257c829-f724-4332-8dd8-c2aa203706b4,BEV-004
f3d67118-773e-4c22-8be4-e41bc7bd5442,ebd31601-23df-4b26-b268-a831520fbeea,BEV-003
527ac037-d01a-403c-b1e6-fe49b13c8ffe,ec6b34ba-cb90-4e11-a984-8de154d61648,BEV-003
8e460bb4-8678-4a47-93cd-fd40044a045f,ec6b34ba-cb90-4e11-a984-8de154d61648,BEV-001
02224b05-40aa-4fb0-97e5-c837ff487162,8c4ef572-2d9a-4453-b386-bcc12d478cb9,BEV-003
dac5dffc-a66a-4ecd-9cea-d00ae5f76b29,8c4ef572-2d9a-4453-b386-bcc12d478cb9,JAF-003
40344608-7620-4689-80cd-1e8179f29b9d,4feebf20-f2aa-46ed-83c7-66e19c7f03d7,BEV-002
ec45029c-d443-44bc-b7a3-24e7002e1b74,52c6f4ec-6022-4b00-8be2-d7aeb7435cca,BEV-004
366e70b2-54ac-4540-8979-d5a3f71c21f6,5ac1a634-c596-4452-b604-0ce355698d5c,BEV-001
3cd31daa-9667-48ff-9f87-75eba2af6586,e1f24f95-dd99-47ab-899b-895cbe229b79,BEV-002
783084fc-7035-45f2-8cee-4fce7e482aef,a6dd8451-2d1e-4c0a-9d40-6943b9ee1223,BEV-005
a62eebaa-44b1-466b-946f-c7ae01d8a02a,a6dd8451-2d1e-4c0a-9d40-6943b9ee1223,JAF-003
11d282cb-5e17-4a29-94f8-884f904c110d,a6dd8451-2d1e-4c0a-9d40-6943b9ee1223,JAF-001
a56686c0-f858-4135-9c4f-a23982e32429,a6dd8451-2d1e-4c0a-9d40-6943b9ee1223,JAF-001
e6b0179e-b662-4168-bda8-94b9a31d30c7,9ea79984-9fc2-4de2-aa98-17af08dd5675,BEV-004
1c89b591-3d5d-46bd-b4ad-62508954b0f1,f760685f-67b0-4a5c-b84d-20250fa4fac2,BEV-003
ec610df9-02b6-43c1-a725-86122a0b0298,a9f22554-9f10-4544-b3b0-e82dd85fdf42,BEV-004
425014a6-e24e-49e3-af2f-ecf0f8ac05ef,ca1b6599-2acc-4315-aa73-f081ce3fcfab,BEV-005
08853e03-5da3-47ff-b869-53b169a4f3f9,230a9c15-90db-4f07-8064-600a64e484aa,BEV-005
a71141fc-64cd-4022-b42f-13d5c52afe7d,38b95465-6695-4b67-9730-51993109c436,BEV-003
c54e5836-fa01-4218-94f0-8b75d72a5a62,9e879cbf-cbbe-4cfa-81ea-263083a97df3,BEV-001
3ae2965a-a607-4fc6-8189-a310f4520c25,9e879cbf-cbbe-4cfa-81ea-263083a97df3,BEV-003
dab22bec-b95c-4fe3-9156-49f811e6cfc8,0fcf081f-8009-4ddf-8fac-457f1d779357,BEV-002
b70660a6-a199-439f-9ff4-4eb1a14759a5,0fcf081f-8009-4ddf-8fac-457f1d779357,BEV-004
576b470d-6e13-40ec-966a-b5f2e4b30443,54d80576-99fe-47fa-82ca-3954a576e0e6,BEV-003
adf15b05-8f63-4389-8f96-c73f7ce8de23,8b8c03f6-e922-485d-8f8a-ad406bc04464,BEV-003
d684622d-bc04-466b-a93c-d8aca882bf8a,dcc979a3-6007-4b9a-a10c-ef03793a9584,BEV-003
ac77f8d6-2dd0-40f3-b30b-cfb65b19162a,bec4251f-1310-4e7a-9705-e2364518ca67,BEV-004
ba7ff938-703b-488c-88dd-50f716be058f,bec4251f-1310-4e7a-9705-e2364518ca67,BEV-004
4a1f23c7-7984-4f36-9bf8-c05b30044e97,59e65204-9f4a-45c1-99f6-02be3dd24791,BEV-002
1bbb2e7a-639d-4eb1-a0ea-af8155a6c845,59e65204-9f4a-45c1-99f6-02be3dd24791,BEV-004
80502a18-9c18-474e-8505-74d069ad78d3,2a81a1bf-ca4b-4e24-8d48-0a7a9e7d313a,BEV-002
166de04a-635a-4aac-80ea-5b1eb2328f4c,696d3f7c-5792-44ef-8fce-e58cb822a2ff,BEV-001
1383944e-b56a-46fb-a655-f0c7d66ea27a,0e25d87b-89e7-4373-8f1c-7c46234ee000,JAF-004
b7e0ab73-f004-49a1-9604-d806c02b1d41,0e25d87b-89e7-4373-8f1c-7c46234ee000,JAF-004
922cd76a-8d56-490f-ac1a-f63cb777823c,0e25d87b-89e7-4373-8f1c-7c46234ee000,JAF-004
5cf174f6-88cf-41c5-bb97-8fbff222f83e,6246f4fa-991a-4c48-b470-406d0a9b49f9,BEV-002
8ab7bd5f-1bc5-4001-b2a7-d833171b1f82,6246f4fa-991a-4c48-b470-406d0a9b49f9,JAF-003
484864ec-1699-4137-b6f4-16fd8675b35c,641274cd-6023-4a2d-93c2-e3e31176aff8,BEV-001
eba0d23b-cf8c-441c-a62b-eae33f4f9f3e,d35acbc0-93e5-4ee1-a81a-394d35a43a52,BEV-005
152c965e-090b-4962-9162-7fbf840512e5,7bb9058b-94ec-4dae-97b0-8cc745371f7a,JAF-004
0b6b4b77-9f87-4c00-ab64-0e932cb38ab4,bcbd935c-d92a-4269-bbd7-91cf36ba6052,BEV-002
8067b63d-38f0-4dfd-9fd0-54092d85e312,bcbd935c-d92a-4269-bbd7-91cf36ba6052,BEV-002
831d9141-1951-40a2-9811-2e3e50a325c3,e7c54729-a2d1-4443-8a79-d970b78bad51,BEV-004
264245e4-18f1-4176-a4da-089797a77ab5,9da2fc29-a28e-4f7d-8230-20767e2f9336,BEV-003
cb133f07-8935-4aac-85c9-56e9bcddab40,9da2fc29-a28e-4f7d-8230-20767e2f9336,BEV-004
fdcc6a41-de51-4c75-a4a5-d5b83da5ca35,b1de2ea5-e9b2-4c86-941c-dbd438b250ac,BEV-001
3a7cfbcd-6e0c-4c8a-8f66-c43fc148b162,6a5d1b41-9a03-4559-a5aa-b7b3abd33ca1,BEV-004
03ca3916-280f-4696-a941-a464bf916e3c,825552ea-c164-4d9c-a5b7-786fa6a84e76,BEV-005
96ae6f06-565a-4c45-a6c1-0d7bca25f785,75652bda-d89c-4fb0-8c63-4791cf432050,BEV-001
311733d3-e9e1-44bf-8d66-f591d4d445a7,4a5bda8a-f171-402c-8d22-ae2d7afbfed1,BEV-002
602689fc-89a1-4709-b47d-964809590d94,53945f4c-43de-4aeb-b917-f1e504426a0e,BEV-004
2082a102-59da-46c1-94f6-47e680c23164,54227a24-9c51-481c-806a-ba96807194c4,BEV-003
5962cd4a-6769-4f04-be28-16ea3e667118,54227a24-9c51-481c-806a-ba96807194c4,BEV-001
ef2655b8-1770-47ac-a196-9ac697bd2b02,d0141646-8bc3-4154-837d-c7116c648574,BEV-005
be481478-bf29-4301-9364-0590c16d386f,f0e08981-fe94-40f2-9d16-2e998c3aa86e,BEV-005
b23ca34c-9ae6-47aa-a97b-c633f7957b3e,bffc2549-54d9-4f0c-b785-9b25860d5b8c,BEV-004
fbc95082-29ee-45c1-8eec-c166d03896e8,9f3bb32f-c600-4cee-8404-add3722fef76,BEV-004
f20904a8-3286-4919-b49c-ee5720d05e2c,c1234962-c96e-4952-bae4-ae2add4ba53a,JAF-005
3521e5d7-367e-4e31-9a91-73bf2683e2e7,2666866a-ec86-4a7a-8040-deb4d4190deb,BEV-003
b8b6d54e-8dec-4eaa-8aa1-93d88d058f67,2666866a-ec86-4a7a-8040-deb4d4190deb,BEV-003
4f3a0393-8a6c-4ad4-a351-fc3956709d83,2666866a-ec86-4a7a-8040-deb4d4190deb,JAF-005
a38cddef-4ce5-4304-abe4-696a1c8f41e3,2666866a-ec86-4a7a-8040-deb4d4190deb,JAF-002
ec39898e-ae06-4cc0-bb0f-e351359ac18a,1615f842-c7d4-45a2-88c2-9146407f6409,BEV-002
41e0c1e8-e366-4012-b1e1-1fa4153fa9b0,492b13ad-1201-4446-8903-6e76da85f047,BEV-002
e00b4c7f-09da-484a-b36c-db2fb9b8d1bf,492b13ad-1201-4446-8903-6e76da85f047,JAF-004
16d2ae4c-0a77-490c-87ec-a657dfb73aca,492b13ad-1201-4446-8903-6e76da85f047,JAF-005
57fa98f2-afe6-45e7-a9b2-58c5ea59fe0a,1478c580-a4ac-44ef-b4c1-66e12330b574,BEV-005
730e56d2-61bb-46c9-bfd7-a04b0e966f33,df5853f8-9eea-4c94-93e8-e4683287562a,BEV-005
c39ed6dc-0db5-4e5d-b240-3568fffc7cc0,df5853f8-9eea-4c94-93e8-e4683287562a,BEV-005
211b7601-3709-4aa4-b363-18682a6d2b6b,df5853f8-9eea-4c94-93e8-e4683287562a,BEV-004
0907cadc-7289-4cad-8f8a-997a727b1a7e,df5853f8-9eea-4c94-93e8-e4683287562a,JAF-005
c11437b5-9bf1-4e91-94e4-41ed7c26c059,df5853f8-9eea-4c94-93e8-e4683287562a,JAF-004
6154c1e8-414e-4bc7-85df-f62ef5f9d1d6,df5853f8-9eea-4c94-93e8-e4683287562a,JAF-005
1af1709b-7575-464d-9292-9322ca3a0e4d,6b8c6051-26b6-407a-9121-820bb4813019,BEV-001
3d8cc4bb-30e5-4f9d-b6c9-d0dcd2e6cf63,6b8c6051-26b6-407a-9121-820bb4813019,BEV-004
671da4a6-eaac-4938-8b0f-abbdfc3848d3,6b8c6051-26b6-407a-9121-820bb4813019,JAF-003
d5e26afb-4b9d-4a6f-a5c4-02315bf29116,6b8c6051-26b6-407a-9121-820bb4813019,JAF-002
6ce1a845-7ed4-4f19-8c5a-bf2dffdb8705,9bfd2a4b-a50a-4854-b83b-e80ec9331e51,BEV-005
cd336683-9145-4cf9-9031-3d058bee3b1f,1e131182-3a11-49b5-b46f-3d51d13f513e,BEV-004
df2f3c48-45cd-4852-bf6b-7d5623c3c867,1e131182-3a11-49b5-b46f-3d51d13f513e,BEV-005
93b4d485-0907-485c-b370-17f34f2c8a65,1e131182-3a11-49b5-b46f-3d51d13f513e,BEV-005
c764e612-8254-41f4-8c19-e2eee4c8849a,1e131182-3a11-49b5-b46f-3d51d13f513e,BEV-005
43677f37-8db1-4799-bef9-d090aabeaf4e,1e131182-3a11-49b5-b46f-3d51d13f513e,BEV-001
b2930a17-d26c-41a6-ab4e-0bcbf07ea976,1e131182-3a11-49b5-b46f-3d51d13f513e,JAF-005
b5c129a9-ed85-4700-8f23-7b253d9b3e6b,1e131182-3a11-49b5-b46f-3d51d13f513e,JAF-005
4acf4125-bcee-402f-91c7-b25cc0971a8d,1e131182-3a11-49b5-b46f-3d51d13f513e,JAF-005
822c846d-e7d0-4870-9655-9a701668d18a,1e131182-3a11-49b5-b46f-3d51d13f513e,JAF-001
e4d37d84-738d-4ffb-b373-0de426096a38,1e131182-3a11-49b5-b46f-3d51d13f513e,JAF-002
3814d6b0-384d-4d25-8a5e-1e84c9828c36,dc373c0e-8b52-4333-bce0-4ac8fc6d2173,BEV-001
5a5e893d-0f1d-4b58-91c8-e070bfb12e25,dc373c0e-8b52-4333-bce0-4ac8fc6d2173,BEV-002
7b322d86-dee8-4934-9b7c-bc8017fbcd3f,dc373c0e-8b52-4333-bce0-4ac8fc6d2173,BEV-002
efb3c914-7392-4c7b-9c73-b3aa756e5874,dc373c0e-8b52-4333-bce0-4ac8fc6d2173,JAF-004
a61c4af3-7b4a-423e-87e9-8c3b8a118757,dc373c0e-8b52-4333-bce0-4ac8fc6d2173,JAF-002
f10b607d-bd4b-456e-beb3-29dd97f9e57b,dc373c0e-8b52-4333-bce0-4ac8fc6d2173,JAF-002
1666ec3f-6264-4dfb-9daa-40b5f13fae7a,8a02d06c-9ba1-46f2-a91f-6f72611f7beb,BEV-004
2d89716e-cbb5-45a4-aaa4-7d11a7751c69,8a02d06c-9ba1-46f2-a91f-6f72611f7beb,BEV-005
bdd67288-e1e1-4c73-922a-7cf0b3641710,5f43c210-67f3-441f-b7aa-0eabd1705f4b,BEV-003
2a8111a3-78af-4e46-b77b-00dea1d7fcf9,0ebbe54a-b4ba-4024-a322-e3fc121184e2,BEV-005
58af97f6-550a-4a87-9309-8248fd43de6c,0ebbe54a-b4ba-4024-a322-e3fc121184e2,JAF-001
ef1d250f-829a-4afa-b2df-6f3f6c04d674,b05eb436-61da-4445-98f9-0f92ceaa5d3c,BEV-005
77731f17-cda9-4efd-a8ea-2540c66af222,b05eb436-61da-4445-98f9-0f92ceaa5d3c,BEV-002
0427f580-d95a-4e2c-8b12-b1f387592589,b05eb436-61da-4445-98f9-0f92ceaa5d3c,JAF-002
bd79aef2-ef52-4178-b7d1-d08c54441c25,b05eb436-61da-4445-98f9-0f92ceaa5d3c,JAF-001
1df5e1d4-91ea-4c41-a793-eb32647526b9,49e7864f-2b57-4d93-8440-87e7bf0ec39c,BEV-001
e7826c90-c007-4b9e-b9f5-5019747062b0,49e7864f-2b57-4d93-8440-87e7bf0ec39c,JAF-004
473889cf-6b2e-4626-853d-48ff8815c858,862b635b-5495-4ac3-85a8-607a58beaeaf,BEV-002
66514c24-bb9c-494a-9388-c84ec870a8b9,a881fe38-0158-4d44-af60-b0ba70ba3494,BEV-001
8911906c-7df7-43ca-8ad0-6caf81c5c1b8,514f63fe-b373-4b15-98cf-985445c77190,BEV-003
ed20cd2c-6019-4972-a831-97ddf2483777,514f63fe-b373-4b15-98cf-985445c77190,BEV-001
e637018e-4ec1-4499-803b-0e7b5be44fcd,514f63fe-b373-4b15-98cf-985445c77190,JAF-002
be2452dc-33b9-4ec4-9cb5-c8ecbadaddf2,f56b299d-f189-4c95-b14b-4730576f38c9,BEV-005
b4efc837-7e36-46ea-a78d-2fcacc58c417,f56b299d-f189-4c95-b14b-4730576f38c9,JAF-004
b8d44845-0cee-4448-be23-7ceb753cc526,40e6142c-2666-4ab5-9139-c8b1c52d3366,BEV-002
b29a2326-cd2e-4308-9101-d642efb8e685,f5153d84-39f0-4d82-922b-e507ff070d4e,BEV-005
85d0d42f-09ab-4f60-9692-ca59e46dd53a,f5153d84-39f0-4d82-922b-e507ff070d4e,BEV-004
ce25c667-052d-4e8a-a83e-ccf822eb2680,f5153d84-39f0-4d82-922b-e507ff070d4e,BEV-004
01472aa4-f2c7-4f04-a569-0cfafdd3cda0,f5153d84-39f0-4d82-922b-e507ff070d4e,BEV-003
dd7d5270-4801-4e63-903a-5b939f27b348,f5153d84-39f0-4d82-922b-e507ff070d4e,BEV-004
d9cd2443-309e-4479-b93b-3774547a01c4,f5153d84-39f0-4d82-922b-e507ff070d4e,JAF-005
ab0a7f74-4f67-47e1-b319-9cae15f86fe4,f5153d84-39f0-4d82-922b-e507ff070d4e,JAF-003
3c74e0b0-e65c-4b2a-b3ff-8960a5e8826d,f5153d84-39f0-4d82-922b-e507ff070d4e,JAF-003
4759ae10-2675-4034-8fbd-f48663592dbf,f5153d84-39f0-4d82-922b-e507ff070d4e,JAF-002
794dae7f-b625-4258-b553-a989734aec61,f5153d84-39f0-4d82-922b-e507ff070d4e,JAF-004
7e54f1a7-44af-4b2f-bb77-b8b0d3566e10,2189aa15-239b-4906-bd12-7933b020a260,BEV-005
524a3619-83af-46c5-9ca5-08090fa3a0b3,33a55a45-e5d1-4bf4-8691-dbd1ad8e0bd5,JAF-005
12fe7fc1-b9c7-4495-871b-33384d4089a7,8ec1732d-e554-4744-bf1d-8f79f1275613,BEV-005
0f7754dd-4dd4-41aa-ac8e-d7122e1c873f,0b52f069-7074-4802-9e4d-bdc39038266a,BEV-002
9208cbd1-63b4-4b33-a905-46f2f2e8c760,0d9ec721-5019-438a-8e43-d9db89836dde,BEV-005
52763977-951b-4f88-888a-644241c89fea,0132ab90-04d9-4b72-8346-6889530ca9fa,BEV-002
e0108ea9-d427-459c-9a94-36001e58e2af,0132ab90-04d9-4b72-8346-6889530ca9fa,JAF-001
c3aed9f7-810a-441a-ad81-58bd4b523d7f,277c69ee-3baa-4c66-8bee-eb685d871db8,BEV-002
c78de4e4-5e63-474e-9393-cea56fc70581,277c69ee-3baa-4c66-8bee-eb685d871db8,BEV-005
55df74e6-2f72-40b4-86ff-26d5ac614b97,05d55680-9871-448b-8688-63597e63e3a6,BEV-002
d08324e3-5a51-45c5-b53f-78152896d1f4,716392bd-d55a-463d-a672-f42bc2ad8ea8,BEV-003
23ab0781-59bf-4cd9-ad5c-16cd52e726b5,18c6f4e3-6fa8-4bc2-9a31-fb90a5645f47,BEV-004
30e37d21-ed33-4424-ab99-361f5146ae8b,3bedadce-34be-42f7-84c5-5f1d899dd6ff,BEV-005
089da4d6-47ff-446a-a933-3afbe2645a5a,3bedadce-34be-42f7-84c5-5f1d899dd6ff,BEV-001
95bf8996-7789-48a5-a42f-bc0dc4be083b,2a07d9b4-12ab-4133-a1ff-5b5c6f3d42b9,BEV-005
5bec0bf9-1142-4895-ba7a-3556ec9c847b,faf5bba8-e120-4196-8c04-f086c6c2b797,BEV-003
18c25fd1-0a9d-4da4-9c5b-20a07cbba7a1,faf5bba8-e120-4196-8c04-f086c6c2b797,BEV-001
666d9165-e9ea-4db8-9f04-b2bd8f367142,7c463136-ff05-4b80-8741-99dae24ef547,BEV-002
040f79ba-969a-4dfb-9cc8-3cbcb2ab9ed0,8f9ac574-3aa6-408d-896e-71ae392189bc,BEV-001
c2d14c9f-5a74-422d-be18-8bb63b4e4d57,8f9ac574-3aa6-408d-896e-71ae392189bc,JAF-005
e0db534e-6980-49f7-aa6f-9b686a9e6194,805df838-d951-4c0d-ae8e-7bbb50718eec,BEV-001
7dafa0ba-35da-44cd-a2e7-c608d2fd4f49,e606d0b4-0af7-426f-88a4-3f93297b6211,BEV-001
1efe70ad-9c83-478a-a54d-14f290d62226,6965762e-372b-4f89-af63-f055a234384e,BEV-002
0b3371c0-d206-4d75-a1fc-ae1e1e79cb2b,609d0877-82ba-44ed-b063-326c80db9104,BEV-005
f9b52552-b0aa-402f-b129-f37098396b45,ca774c9c-c3a2-43bf-9472-ee0e9884b0ce,BEV-005
db278464-53c0-472d-8690-494d350748ac,ca774c9c-c3a2-43bf-9472-ee0e9884b0ce,BEV-004
2a4ba8c0-4f22-43ad-b44b-0f6eaa5e1197,ca774c9c-c3a2-43bf-9472-ee0e9884b0ce,JAF-002
a0687689-1a15-42e7-885e-9fe272109c18,f499d7e7-8bc5-475b-8406-4e7b1eeb2d1d,BEV-004
318dabc8-a680-428f-845d-87fd8d6f8199,26632396-c2d3-4296-bf76-688cd0afae55,BEV-002
cc6e6c12-3e01-4903-afdc-411863cacfc9,8166f846-0e80-4056-a0b6-895a2b29ab49,BEV-002
10f7c40a-8e01-466a-9a6a-8597f3805662,48ddaeec-9397-4e77-b867-f439b4a714e8,BEV-001
f6cc6908-1ada-459f-b839-38a5e9514a29,fc306537-aee3-4d04-ad27-2e95653eb7f9,BEV-004
e94adaea-c08f-4d5c-9ad0-90a726a4d069,d57a4cd3-d011-4534-afdf-7c7609014fea,JAF-004
bf6c658e-f416-494f-af09-ac4a9505573e,9fdb7aca-c74d-4ce8-8237-ac995a7a8845,BEV-003
da4c2006-3846-47e6-9ddd-15a571d9b32d,9fdb7aca-c74d-4ce8-8237-ac995a7a8845,JAF-005
4c13c7d4-554e-46e2-808b-86e147de24cd,997784f4-5f85-4fe6-aa10-d5ba33d8e814,BEV-004
f2413a48-2960-4bfe-a399-79be818a2ce2,7ebf7f78-08b3-4e4b-b483-ba632bf0bd64,BEV-005
6bb21c9b-2a19-4f28-8b28-24466b8161fb,37fdaabf-5f4c-421f-bf2b-f04cdd97e5db,BEV-005
c1be3352-cb7d-4751-9ef0-a50762b88e86,d15659de-6ec1-4b36-acf9-054320ea9495,BEV-005
0df724d6-5682-457b-806b-641c92896990,d15659de-6ec1-4b36-acf9-054320ea9495,JAF-001
b9a50553-174b-4a7b-903c-863e687c5ce5,66963971-706d-4a77-93db-a4195bb13789,BEV-001
78e7571b-59bd-49c6-ac75-8a676ed9688f,66963971-706d-4a77-93db-a4195bb13789,BEV-003
45435531-5b16-4c97-9591-9a864afb5e30,66963971-706d-4a77-93db-a4195bb13789,BEV-001
de9e7e18-3f53-431d-a126-f62d67d5b653,66963971-706d-4a77-93db-a4195bb13789,JAF-004
c6da6e61-abe3-4184-a281-bfba9488351b,66963971-706d-4a77-93db-a4195bb13789,JAF-001
6e7d0d6d-993d-45a0-87d4-4caca99fdf50,afa97b60-cb6a-4b69-a7a6-0d08d0cf31d8,BEV-004
792ac7f0-2884-448a-87e9-58987bcad35b,f4aa54f4-d678-406e-b304-10dae9f10e0e,BEV-001
a7a08977-4729-4715-9938-3ade11c4d38e,f4aa54f4-d678-406e-b304-10dae9f10e0e,JAF-003
891b93fe-c25d-42c5-b448-f2a5cabe175b,9a441e4b-598a-428f-a7ae-1e7c09ffc944,BEV-004
ccc399ad-265b-4256-ac06-0abe9bfaf180,9a441e4b-598a-428f-a7ae-1e7c09ffc944,BEV-002
e80d5de7-ee42-4a09-8fe5-d876c6e30df7,a9f90eff-7b1d-4516-b407-5b541954e440,BEV-004
0eeda3b2-19e2-406d-ac73-06176eef1073,a9f90eff-7b1d-4516-b407-5b541954e440,BEV-002
e341e465-f754-4c6c-8d57-1a4689662da8,af1fc63f-de44-4e9b-ae66-e6729999da18,BEV-002
00405eb8-e784-4969-94c5-fb68b42ecedc,af1fc63f-de44-4e9b-ae66-e6729999da18,JAF-001
689e632a-4bd4-48d8-aa33-1b7ba89baf34,af1fc63f-de44-4e9b-ae66-e6729999da18,JAF-004
97e65260-cb88-4001-9d7f-56deecbc1fe3,af1fc63f-de44-4e9b-ae66-e6729999da18,JAF-001
7ea46616-c1dd-4941-897f-9179ba066488,fe6687dc-fd23-4ddf-b59f-d5fe540c6c21,BEV-002
a4a327a5-97d4-491d-ad08-71fda314e785,896ae6f6-f80e-45bf-8e1b-cfee7afea3ca,BEV-003
0577f56b-4317-4f28-a662-1e7888fed68c,93f8f9f8-2098-4878-b501-46c3503ba953,BEV-002
fa3724d1-2492-48ee-805c-1bb1234ce29b,e628cda4-bd9a-4b2c-b8d3-0f76071ba372,BEV-004
9780b04c-60ef-4baf-b329-288a473771d5,cc26ad36-c2a9-4de5-9e02-3c102129839a,BEV-004
40533881-8edf-4604-8342-93342b942fdd,cc26ad36-c2a9-4de5-9e02-3c102129839a,BEV-001
309561d3-e7e3-4325-8dd9-5cfeb60b2c7c,cc26ad36-c2a9-4de5-9e02-3c102129839a,JAF-005
897a7498-4fd2-4fa8-8d7f-1deafc3b4f9b,5006b2b4-6c08-4a5a-8dfc-ae4ad4ea6597,BEV-001
b8e0bd2c-d35f-4240-848e-640c6852cf58,97307a39-16e8-415b-9d99-b3c7e795454f,BEV-002
bd86b16c-6e55-4874-bb13-8b334e38dc90,81b85363-f8ba-4e7d-abc7-45c50b7f4f42,BEV-003
340df71f-f788-4826-9b70-d98d30c6ca97,de655313-8d4a-464c-86f2-5b63370894fe,BEV-001
36f759f9-d15a-41e3-a70e-45ef0330fa38,de655313-8d4a-464c-86f2-5b63370894fe,BEV-003
f45c3df8-4719-4b5b-930c-d687c0ae7eec,7c7612fa-e517-4444-84f0-fb2eece87b61,BEV-005
f0b6a9ec-2f5f-468e-bbc7-ad93797fec3a,3671b565-927d-40a0-af20-5e1e3d82b58e,BEV-002
b7d75bb4-5ec6-446f-a4c5-ab0503f308b0,66797337-52ab-444e-a1ed-6212174130bf,BEV-003
37f79d17-7b82-4399-9dbe-cdb1dc763b6d,9b806878-ba86-4214-840f-ea9eef1b5b9c,BEV-002
c96ce468-91e4-466c-b91a-bd64be53523c,9b806878-ba86-4214-840f-ea9eef1b5b9c,BEV-004
c60db98c-7f59-4700-94da-43a4ae324060,f0b2abc6-5014-427f-91c4-264379632cb2,BEV-003
0fb909e5-8a6f-4efd-a0f4-11bac93eb940,82d1e81e-a676-4987-8ec4-96667fb8aba1,BEV-002
54e226af-3cf9-465d-b99b-93887b23ce7f,76c89cef-eb16-4698-83e6-381300696aaf,BEV-005
573c7c97-2741-4ad4-bec2-de74f843475e,76c89cef-eb16-4698-83e6-381300696aaf,JAF-001
b032cbe6-842c-4ed5-a7aa-00f6db00f343,76c89cef-eb16-4698-83e6-381300696aaf,JAF-003
49cbb2a0-7e1a-4a91-8a39-637ea77ef376,0cbc7db0-ba8f-442e-9fdc-98368c1a366f,BEV-001
b7f8bc62-8555-4368-969c-d5e3f69005be,0cbc7db0-ba8f-442e-9fdc-98368c1a366f,BEV-005
b31e3e86-36c3-49a1-b82d-c3005568e995,4d985c8c-b870-4f61-ba9c-5db543b23b26,BEV-004
cc16a9b9-6832-4cba-b655-314555f38620,aa11f139-9da5-41b9-a983-a2b13b1a3c15,BEV-005
1ebee0e8-e4c4-4ba8-a51f-3edee3b503c3,b232b10f-67b8-4772-a88c-8ca9016cfa62,BEV-002
c858ee40-8275-44bc-9979-6b92e6f08895,b232b10f-67b8-4772-a88c-8ca9016cfa62,BEV-003
3b9de7b0-957a-4a2f-8db6-01dc571a18ac,b232b10f-67b8-4772-a88c-8ca9016cfa62,JAF-004
8be89685-91f5-499b-8cc4-6ebb1a22cbff,b232b10f-67b8-4772-a88c-8ca9016cfa62,JAF-004
af604958-310f-4d4d-a70f-5b2b00c3f15a,7bbfd47f-8741-4d3a-829a-18e2e2ad6110,BEV-003
f712e562-f9ce-44a6-851d-ca1cd8f27434,653eca6c-4606-43ab-937c-069b4906dae6,BEV-004
d5cb344c-4192-407f-bf48-98ca88c2c0a6,00a36c0a-224d-4711-bf2d-ce96bb4cb41c,BEV-002
05dec39d-3d8a-4735-a3b1-1dd36247dda1,6c1a9e68-1b23-4100-bacd-55cb02c76f1b,BEV-003
84ce2b66-b7e8-456f-a6b6-3e1b3bac4c7c,56814e77-e0b8-4f1c-9ed0-c9bac3a3175c,BEV-002
92a59fed-0e4e-49c0-92ca-cb2f4294f400,7d6f84c1-f11b-4c53-b050-3b842ab4ae87,BEV-002
6dd82603-d48c-414e-8afe-e82560d60e40,7d6f84c1-f11b-4c53-b050-3b842ab4ae87,BEV-005
0412a149-115a-41d3-86e9-d0888e64b9db,8bb8599a-b169-4966-bdfc-b7d9438eba39,BEV-001
d0a7629a-d0e0-43c3-9ed3-6e807bcac99f,8bb8599a-b169-4966-bdfc-b7d9438eba39,BEV-005
adade9b2-55a8-4f4b-af99-a050089fad3f,ef7d3fdf-1460-4e12-b38e-3347da7eab4e,BEV-003
7e3c566e-2988-48bd-a787-5d3a792eb693,54b1ef99-94f0-4c2f-9876-7b16534af2af,BEV-001
6681f82a-6e7e-4f71-826a-140fa7d4b10a,e1801198-6f6c-4a5c-bd25-105529dd3e41,BEV-004
311f7017-972d-40df-b09d-c414760053c4,53ea600f-04ad-4ed5-a20a-0b4dc7cd0cfe,BEV-001
de5b626c-ba6e-4882-a760-de6afd24f9bb,18085eef-0f60-42f4-b957-3008f946f1b9,BEV-005
503e29cf-7bcf-4789-a73c-10112d552754,e2fc89f3-8af5-4276-a8de-e7d265d985f9,BEV-005
bff72632-4549-458c-8953-0b74b91a4529,ce4b2bef-c3ac-4be9-93f5-a026d678a253,BEV-001
18d25dfc-c5e8-41a1-8198-bd5f3d0ea4d2,0236f937-48b9-4298-900e-ae7ef52176da,JAF-003
c328abb4-2f68-435e-b93d-996f4e802c9b,1907f7a3-def9-46f4-8bd0-bf3bb4d17582,BEV-002
91fd258f-b085-4ef8-a705-dc3ac95ae37d,1907f7a3-def9-46f4-8bd0-bf3bb4d17582,JAF-002
c0b9fc35-803e-457c-a327-9b87e5a4d5ac,d36342aa-e573-4d13-b3f9-f83160fe6f2d,BEV-005
56bf941b-3754-4f72-8c74-b4416a28c610,f169d162-0df4-4199-b5dd-4fdbeadb63c2,BEV-005
dad6fa58-03fc-4444-8c66-60a761997917,11abd68f-8675-44b2-9fb2-0a3726724f36,BEV-004
eed7d741-842e-4c73-bca8-335ca07fb8b4,cbaeae0a-fb08-4a08-a03c-4cfde6e09a78,BEV-005
af3e1ce9-53e1-4cd0-b30c-0b03b51d6b37,cbaeae0a-fb08-4a08-a03c-4cfde6e09a78,JAF-003
be326c8b-8bfc-4e9b-997b-34e5708b0970,8e26c30e-7624-4459-8494-24230f34bde7,BEV-005
f07b51e5-dea5-4754-b641-0faa8c4362fa,7f497cb7-b5f5-4230-9ee3-a5ef53ca1175,BEV-003
b2a646eb-d0a8-4e5c-8f93-73d2e400a0e4,037ae17f-81af-487f-9813-dbb918a8b4ef,BEV-005
bd11d21d-e8ac-4c6b-b921-84cc2f8be861,42942232-1278-40bd-bd1f-2f8649aafce9,BEV-001
49d10e51-da24-4a9f-904a-7934e4c8155b,c9a71133-2578-42e6-a900-5f4fdd5a6be4,BEV-004
0eb2979e-6fe7-462d-93f3-823c071aad1c,74ba2e9b-7992-44c4-84fe-fde0fdc2dc80,BEV-003
6e96ca86-8ea1-418b-810a-78d5dba5d734,37e11041-ef39-45a8-8aad-57fed5ceab90,BEV-001
70d9e973-1ba6-4ddc-94b5-110555cf10dd,6756a934-079a-495b-b998-155c92d0ab28,BEV-001
78ff608a-96a0-47bf-90ca-22b6c06c32c6,c5bf2d2b-9617-4fe2-a10f-a8c1084a32ca,BEV-005
1bd5d5a6-4887-4a66-a2d2-9fdba20a0bc9,9fc47251-67cb-4978-a705-ec2979776cce,BEV-001
1a15bb60-1f4d-4471-8010-23be9b12b149,3d6debae-1ec7-431b-845d-d677b75551c8,BEV-002
833162f1-b88f-42d9-8fb7-c981592b3665,2aa79223-4151-4bec-8a70-c80cd2896e54,BEV-002
f0542cfd-d37b-4bd7-b1e6-3f72fbab4e81,1821d4a4-d7c2-404e-9ac2-5560db5ff117,BEV-001
c21559fa-81fd-4e58-a173-796b199346bb,1821d4a4-d7c2-404e-9ac2-5560db5ff117,BEV-005
32e4f5ed-249c-4ede-97ae-8daeed044c1d,6ddd380a-35b3-4afa-a6a6-b0efcfc36c37,BEV-002
4d048366-eae3-4f0a-8a47-4c2a48f92d14,6635b8f5-268b-4c5d-9c8e-4ec33b04ea50,BEV-002
1684deee-a04d-4d53-9631-888934e19d01,3cb6ee84-9538-4acc-bbad-4b9b9340093c,BEV-005
a081140a-58ca-404b-82c6-bb3942b215b3,3cb6ee84-9538-4acc-bbad-4b9b9340093c,BEV-005
1186e6f7-42f1-4cb0-8746-687af136e43c,15eae789-a219-4390-8bf8-2193f149f28d,BEV-001
7cc98d22-ce92-4e30-903d-fbaed32c8f2b,f0cc0fd1-ae2e-4cb1-95d3-31042071b6e4,JAF-004
b25f8823-84e1-43b4-97cb-d902350038f7,cf6bc7d8-8aaf-4d68-8c9f-16ea42391211,BEV-001
9d75502c-f4a0-473f-88ae-886f17e03320,cf6bc7d8-8aaf-4d68-8c9f-16ea42391211,JAF-004
fcde0245-c714-424e-b2d1-2acf9b60160d,7d4924d6-a5cd-4a92-975a-ca78522747ea,BEV-002
9c7769ab-35ac-4522-ae7d-ad2a57c72ea1,7d4924d6-a5cd-4a92-975a-ca78522747ea,JAF-002
04c68743-c611-4935-b45f-67c292d27ed8,8cfae0a4-e418-4d01-b1f5-4ad69053f78a,BEV-003
e67c7974-2ad8-4532-91b5-964aeb79f32e,5efd9eef-ae60-46be-aa0c-3ad96ef6e984,BEV-001
2b463d1d-5ea6-45ab-b807-2421c64e565b,1d2d02c9-804c-41e0-a5fc-a6eebbe2f0cb,BEV-003
87f04d17-62da-4a3d-a389-1961f507ff80,1d2d02c9-804c-41e0-a5fc-a6eebbe2f0cb,BEV-001
a6236803-0062-4580-8ea0-cbdf29edddea,33d80c8c-62b3-4ca9-b5c1-b34bd31b3d6a,BEV-004
2336c937-589b-4cc4-b825-acb09d3d6b03,36b37376-594d-4088-90a9-ef6e9dd20e85,BEV-002
d6cbfa45-4d87-464f-ae9a-bbd90b5a2c2e,602e254e-2773-4f35-9945-8cc55162722c,BEV-002
0f9fbaa2-d071-4953-9645-3e00eeb1b693,45d99fc5-4319-4828-b93f-2723fdaf61b1,BEV-002
eda1cafe-465a-4cf9-ac70-98044121cf7f,aae759a0-8651-469d-a4a9-405fa78f0663,BEV-004
c37ea952-cdd9-4e82-98e9-0fc1f6e7e57b,1c73382d-960a-4790-951e-28bd2d98d83d,BEV-004
f73cf932-f424-4e72-89a3-cd17cb9177ff,a3605038-3e9e-4ace-a757-06efce03f388,BEV-003
ab1379a5-41ff-4d5f-bbf7-5b24d913750e,a3605038-3e9e-4ace-a757-06efce03f388,JAF-003
82535b54-ff40-4fd2-92cf-7d176480670a,d2f9ab1a-3aaa-45ac-acdd-78e1489285f8,BEV-005
50076e58-3a6b-45db-93ea-064975e3cbbd,1fddcbc2-0d05-47f8-a1bf-2d069f0d03b9,BEV-003
f0c1e8b2-60a2-4289-8861-95fc97d72e00,1fddcbc2-0d05-47f8-a1bf-2d069f0d03b9,BEV-001
46966fe9-c328-48a8-89c1-4677a10bc75c,2ba6283d-5102-44e2-890a-074de88d4c72,JAF-001
aa318f9d-2a56-467e-a6c6-aa5563d63d62,2ba6283d-5102-44e2-890a-074de88d4c72,JAF-002
0f5cdb8d-c92a-4154-891b-0142cacff641,2ba6283d-5102-44e2-890a-074de88d4c72,JAF-004
b10c62fa-fe37-4439-b9e8-d461cf0527b5,6de6db2b-fa23-4768-83b6-444f0f7ff952,BEV-005
f7482eee-96e2-4397-b0de-cf024ccbba86,6de6db2b-fa23-4768-83b6-444f0f7ff952,BEV-001
30838a59-6d33-45a5-a8dc-677b91dc0d47,26582ffe-170a-494f-84d5-1cb37074082e,BEV-004
1b39e6b2-ef57-46c4-8fff-7a3b588bafbc,d69aac03-977b-4899-87d8-d09a9ece1343,BEV-002
e5a31c4c-314b-43d4-a3e4-cf62c61d3ac7,d69aac03-977b-4899-87d8-d09a9ece1343,JAF-005
f4c77239-9bb1-4fa2-8554-161b93db681a,d349db87-b649-4346-be70-57b0ad126065,BEV-002
1ec24773-9dcc-4b8f-b678-e92f0ee1446d,d349db87-b649-4346-be70-57b0ad126065,JAF-004
3613ac49-904b-49c3-af0d-5972805257df,6d19fbf9-1adb-4e38-bebe-a68ba1f51004,BEV-002
f6b7f470-8d1d-4f64-824a-272d205511c7,563392e4-5e04-4fce-8ac5-3f643abfb433,BEV-005
2fe1f3cb-df88-4850-af9b-8935b9dafb34,563392e4-5e04-4fce-8ac5-3f643abfb433,BEV-002
63fd4b65-081b-4938-8511-e75c9e5ec8ed,563392e4-5e04-4fce-8ac5-3f643abfb433,JAF-003
8d7f0fc1-0084-4810-a09d-e3b4ed9d0c3c,563392e4-5e04-4fce-8ac5-3f643abfb433,JAF-002
68b1bf5d-5684-4b83-a154-c42ca001f42a,44371aa0-1b28-47cb-b7ad-bfbf979f59d2,BEV-003
5f5c8a13-a30f-49ff-a459-87e8128fb4ea,44371aa0-1b28-47cb-b7ad-bfbf979f59d2,BEV-003
2025af9d-77aa-45e7-bc8d-2a84b9480b77,ebba7fd8-3047-4bda-80bb-35b8b49ee1f3,BEV-003
9c7bf2fd-7d3f-473e-b64a-565cc79ff7e7,b1e656bb-8675-4682-a9b3-12cdafeebb50,BEV-003
273d122b-af7d-49ae-8265-26c2330606bd,cb45a1f1-f581-475c-956e-d8afbff50e06,BEV-003
0ae49e1e-9416-46fc-bf17-3db3f667e699,74de7490-7418-4370-9fd6-f6384d163dd9,BEV-004
4378853f-b441-4bd2-b9cc-5fa50713629b,3980face-f924-4724-bbcd-0b5f209df847,BEV-002
1b35761e-8c07-41ef-95c1-4c0d29a471b4,dd90eebf-b0fe-42e3-9d77-689ade82be10,BEV-004
a0dd0238-2d4b-4021-97e8-a4b3dbeb76a4,dd90eebf-b0fe-42e3-9d77-689ade82be10,BEV-004
9bb5a789-1196-44d5-9494-4a04195979ca,dd90eebf-b0fe-42e3-9d77-689ade82be10,JAF-005
3df72c9b-8b19-4fa1-a2f1-0f81781b9792,0e121802-dacb-4a66-a063-a7780a0e8334,BEV-005
ee6c6288-5cbe-4451-864b-305591919aa4,a3fc102c-6e15-4a70-a650-ad146617af3c,BEV-004
8d102441-834b-450e-95aa-96c8ebd21c99,636efda5-6e5a-445e-903f-f0fc8fb9df6a,BEV-004
fc379dbc-1ef2-4775-a5df-e600bed58deb,e5762fc9-fb80-446e-a6e0-cb910ec4faed,BEV-001
16a6dbeb-761d-45c4-a02b-0fed546781a4,5077a641-5d70-4bd4-9b95-817eadd14db2,BEV-004
f98c89c4-bf99-4566-a0a4-7f678c073a2a,f837bf9e-da28-4f04-8a00-b616b4b7aca8,BEV-001
2de4980a-7e84-46ce-916d-784e4c53812b,29ebd02c-48ee-4cd9-b270-08cda0b7a538,BEV-001
285487bf-c758-4814-b4ad-61b68ed8fbdf,29c8996b-f5f8-4235-9228-795022337210,BEV-003
06dadff1-3571-464d-a6a7-4747a4babdf9,fb7ba02a-099c-4fb2-aba9-fbf52764e2da,BEV-004
3c3c2455-69f7-4247-832b-52e6dfa6e7c5,d8c1f87c-0ca9-40f0-b735-923300f6b04f,BEV-002
e4bace21-7abc-4041-b63f-cce3aacabf2d,9e56be87-7e4e-474c-8861-1d85699bc5cd,BEV-002
677ca681-8934-461a-80f5-589a4f768dc0,72be949d-5104-435d-867e-860494e78e39,BEV-004
a8fc08f5-bc23-4615-8b70-656a3e61cba9,72be949d-5104-435d-867e-860494e78e39,BEV-003
0b3e2929-c672-448c-ac83-b522b3e89a8f,72be949d-5104-435d-867e-860494e78e39,JAF-005
64cb882f-26f4-49fe-aa27-9f7b01698192,25e17931-042a-4cac-9704-591d5c79a28b,BEV-004
d715a08b-d4aa-418d-9308-1eea82f3db76,d58afe13-185f-4c0b-ac9c-baef77c71b8d,BEV-003
7312d168-de27-49c7-bbbb-9a8a09534ea0,48ff011d-fe77-4132-a4fe-467ad54c96a8,BEV-005
c83d2254-7a25-471f-a66a-cbfe228ebdb4,ce1919f4-a51b-400e-9672-8c39ae6b7945,BEV-005
448e58e7-92a4-4720-83dc-274388476347,ce1919f4-a51b-400e-9672-8c39ae6b7945,BEV-001
ee86390a-2d91-4d0c-9822-f0fbdca9c1d8,ce1919f4-a51b-400e-9672-8c39ae6b7945,JAF-001
6ede2770-7961-4eee-8bb8-eb01a9a2319a,98099259-b666-4ba7-8eeb-5a12b64e8a80,BEV-004
4f2372be-d1e4-47c1-a869-cacd224d1048,e39707de-a774-446f-a987-8ed309a107eb,BEV-001
05f7ea8d-19f8-4a1c-bc55-00a309779b70,81ab2cd2-02ec-465c-ba7a-87e02de6d717,BEV-005
405f40e0-34ec-43ca-91a0-b0c99ab9f706,ea16e3a7-df46-446d-b39c-426e8bd4dae6,BEV-002
46732106-4fcf-47e1-adba-1e0d98dcffdf,47b5a168-59fb-465e-8a2f-2e7a0c5c181a,BEV-003
9cf22170-3216-4d09-85d5-15045dd93f6d,f19aa34a-4cc5-4d4b-ae2c-3b6136268b93,BEV-002
08a2787b-20f4-4060-bf8d-06d58174e39b,719378b7-5856-4c07-b2fb-203122a6d270,BEV-001
77a0f69b-04e8-4202-9403-4d792b9fc09e,e2a71c24-e2d5-4e87-8342-a2eb5803e380,BEV-005
3a4cee23-3333-4e84-888d-5534fbf27835,336a2fef-fc79-4889-9025-4c40f964e078,BEV-004
84af9fac-aace-4546-b53a-057f3767926a,5f58eb16-23c2-44e7-b4de-53cf41e19778,BEV-003
4f0ff022-a513-4894-99e4-23e242d48320,5f58eb16-23c2-44e7-b4de-53cf41e19778,JAF-003
4dd124ff-2cf8-400f-9f29-f19b51e1851c,765fdd14-91a5-4fd4-813d-50030cde0aef,BEV-001
36b62182-ecbe-4f09-9027-72bfe62c508d,6935db4e-62f2-4ea5-b6c9-98e18ebb5eb3,BEV-001
9a87e705-64a6-4030-95d2-a64110b77f52,ee596254-e1a7-4738-8b68-a253ce1100a3,BEV-001
e9a448eb-6202-4623-92e8-6f93d1d809b1,07e50d5b-a577-4757-a478-ee151af2fa14,BEV-003
04f2aa5d-fc97-47c8-ab76-438bb56a4e6c,d0c39ef1-da31-4f05-8dd3-4c4aa7859335,BEV-005
57e718e6-a592-4c8b-aae4-3ccc0205314e,d0c39ef1-da31-4f05-8dd3-4c4aa7859335,BEV-001
9ff3b363-2174-4614-8a10-ea03f13608e8,d0c39ef1-da31-4f05-8dd3-4c4aa7859335,JAF-005
4d5d181a-2a43-4148-a0df-c6f2eeee55a2,d0c39ef1-da31-4f05-8dd3-4c4aa7859335,JAF-002
98e82cf7-e8e8-4b47-9f70-dec509b6cfb3,d0c39ef1-da31-4f05-8dd3-4c4aa7859335,JAF-003
542cba1f-c670-4761-b672-06c99118b986,9947a341-a917-4d0c-908c-b81598aaa128,BEV-002
c74ca677-77c3-480b-9dd6-9f436cfe98e4,3c352811-6642-4b12-896a-8abc29f84744,BEV-005
3bcd3530-abde-4eb8-888a-b37b88632df2,3c352811-6642-4b12-896a-8abc29f84744,BEV-002
586f889a-1d0b-471f-8334-0cec41f9acb9,3c352811-6642-4b12-896a-8abc29f84744,JAF-003
264ccde4-84e5-4b1d-b1c9-c5d6cb0fa19f,c9263372-ad12-48ae-8f4f-515ff5b82a98,BEV-004
7cd957f9-d93b-4db3-9c0a-dd4405fcd796,305c2ed9-7e89-4527-a500-de4670330ab8,BEV-003
0593dcc8-5d4d-4dff-b294-b6bd6480b286,f0e2c97f-430b-4f13-8634-ffd6b4e61b99,BEV-003
118eb856-d93e-40a5-8730-901c2c1a0e23,9408ee8c-2625-49f2-81b1-90ad35a9a87c,BEV-003
30390e2c-008a-4ad4-8af3-3aa3a996182c,d9b1b89b-3330-47f9-9262-ffb0a777ed81,BEV-003
86d65868-20fe-4cf6-8b17-2acd9428cd6d,0c353822-9aaa-4d6c-9b16-07c0fefe03ab,BEV-003
0603001f-de7d-4258-a546-25035359e291,cd17feb9-f5c7-4145-b1cd-642a1e12f269,BEV-004
fe14a083-794f-4565-a292-96c5c00bfd82,cd17feb9-f5c7-4145-b1cd-642a1e12f269,JAF-001
ca9274fd-a621-4319-8b27-76f666691331,ae57578b-b99c-42ae-b314-5f978671ebbc,BEV-003
deb1ae6b-7c3f-4398-8b4f-fc5abb3e16ee,eb3a4f10-9a05-4597-ae58-81fa147bd3cf,BEV-004
82c74262-7981-4e2f-9cfd-2f07a0027d67,1949d6d0-3f76-42bf-877d-721ad36cce09,BEV-004
69c1fe9b-b877-4fd5-a0f9-84b455aa6acc,63b62401-23e4-478d-a115-f6f03525de53,BEV-002
03f49e49-5de5-4948-8793-dde1aad14f5d,b3789a1d-9f17-4de6-87ee-45f8d2f46920,BEV-002
9ace8731-3185-4d5d-82e0-929229cb32bc,551bbe01-b887-4708-9351-553d46f0f5e7,BEV-001
1e2fa23b-5f7f-4dea-bbda-ee116736b14e,551bbe01-b887-4708-9351-553d46f0f5e7,JAF-001
52ffd11b-85b2-4c77-b466-b0ae50479de5,ddf27d2a-404f-4445-87e7-464b679a9778,BEV-001
d4bc1800-7c59-47fc-ada4-782ad24f467b,a9e57b1e-9a60-46e1-9b08-fd5606c7b13a,BEV-005
e7fa4a78-a1f4-4dff-a312-a606e5b6690b,6d9a915c-8fc9-4c67-be04-716c730752d3,BEV-001
c052e24d-9790-479d-b3f4-b428a8629777,92081d1e-0863-4da9-a8fa-52db735b425c,BEV-002
6616649f-9aca-4078-a7a6-098cd2579b3e,a11a3bb3-9046-475f-8d10-0e9c1df12cb6,BEV-002
dafb4cf4-d534-4bae-a2b6-dd0accf28716,060ee164-59af-4a74-9f5b-ba2473af4bb9,JAF-002
9ccb6593-ddb3-4e0a-acee-0db4c94b6f86,060ee164-59af-4a74-9f5b-ba2473af4bb9,JAF-003
01c534c5-a253-4370-9626-577ce3036f8c,e9be714d-fe6a-4a3a-8900-9252e626ea06,BEV-002
1ead3e25-13f2-46c0-81af-e4ef3a8656a0,2828edbe-aca2-4aef-b549-b6f2ec6c6387,BEV-004
15e4238b-7f92-47a9-822e-209721017a66,bf0f309f-af2e-49dd-afca-8a21535ae3ef,BEV-001
5691e1e6-8da5-4a6e-b74e-6d8ed803ff75,a01e2dda-6b91-4ad3-8a0c-41090e1eeb5a,BEV-003
1fe4603a-9c40-4ce8-9afa-7eb18259c218,a01e2dda-6b91-4ad3-8a0c-41090e1eeb5a,BEV-003
8562698a-792c-41ba-8499-bb80adac8c56,4e0ce110-a0a1-4ad9-92aa-7528fbbd199a,BEV-001
41e1207e-4893-4166-bbff-0aac9ef0ad8c,4e0ce110-a0a1-4ad9-92aa-7528fbbd199a,BEV-005
1f675c70-eca3-4f95-be14-888b59bc81ba,4e0ce110-a0a1-4ad9-92aa-7528fbbd199a,JAF-005
e1c4f298-142c-4041-9fb8-4c6fd1e136e8,815f08d1-8364-4ba5-ae3c-2a957c1ea2fe,BEV-003
a1d6cd89-cba5-4e03-81be-da0603581371,1d38ef9a-f4a7-4cd2-afc8-0f9160ff12d2,BEV-003
279d48c3-88bf-4d42-b9c6-9617ba470580,371ffeb2-0528-4ca5-94de-4d2d03f2737c,BEV-004
907d7b3c-1e2c-4c40-9373-3e033626e9fa,371ffeb2-0528-4ca5-94de-4d2d03f2737c,JAF-005
497d2aef-6ba8-4484-9057-14d7ad7e5526,371ffeb2-0528-4ca5-94de-4d2d03f2737c,JAF-004
216a7dda-5ad8-425c-a04e-6c137b24fb45,17662426-3db4-4417-a6dc-e21b5586e5b0,BEV-003
2f426259-b21c-44a8-a714-b1ac19c1bab4,17662426-3db4-4417-a6dc-e21b5586e5b0,BEV-001
426e405b-9adf-48e3-afba-ae76b8728ddc,17662426-3db4-4417-a6dc-e21b5586e5b0,JAF-002
5e1267e5-dbf5-43b7-a56b-92d06c8c19f9,bf78039f-e336-4b9f-b959-8c6e4b6688c2,BEV-002
87b30ab4-1709-40b1-8c2c-0cfb1ecc6845,989bdc5f-8da5-4d02-801c-856c8827a1d2,BEV-003
a4e0fe72-1d30-4189-9174-80758e5ca304,989bdc5f-8da5-4d02-801c-856c8827a1d2,BEV-005
f939ea02-7ec5-445e-b725-e5d23a0a87fb,4c0835a7-5ded-439e-b635-d73ab93c8e4c,BEV-005
898c89e2-3688-4dea-93f2-d9e304698fa0,010c5cc7-02dd-48a6-a587-c1d249c2c8d6,BEV-003
3d8d804e-2c35-4610-b977-d8851983e2c6,da9cab9c-fbfa-4f94-a630-841157180f62,BEV-002
4219e290-f6db-429e-ad89-4b3d464cf1ce,67c0f10f-8422-4a58-9738-69bba721af62,BEV-001
f3d79489-b613-45d4-a60f-6a6987e6cfc7,67c0f10f-8422-4a58-9738-69bba721af62,BEV-001
1f7ec929-7d02-4c12-b1ad-6a152a116dc3,67c0f10f-8422-4a58-9738-69bba721af62,JAF-005
123bc9ad-8fb5-4e54-8fa6-13a3e183df52,7ef3ac93-e8a9-4938-9b81-8e90df3c097d,JAF-003
d383cd09-041d-4a42-83a5-add1bcee7705,7ef3ac93-e8a9-4938-9b81-8e90df3c097d,JAF-002
c811f330-94e2-4c9f-9a15-e1fc1017d682,99b94053-6e70-4d51-8dc5-fe435317b378,JAF-005
cfa074d0-bd08-41a6-9517-86c42c636e83,99b94053-6e70-4d51-8dc5-fe435317b378,JAF-005
3a55f57a-afa8-4eec-8a1f-8d5795b4c25e,9c936d47-6c62-45b3-a531-6e921b70ad4b,BEV-004
849b8765-0be4-4fb3-a054-d544800edada,9c936d47-6c62-45b3-a531-6e921b70ad4b,JAF-004
e643d515-3202-46bf-ad2a-bb2c1388a4c8,d2a3caec-64eb-473f-b7ec-0bb3b0249941,BEV-003
36fcf548-be22-476d-b246-787446f0f11d,5bf878a0-5523-4bc9-a925-c8f43494468a,BEV-004
4516d045-640c-4d96-aeb3-5bd402db95a9,5bf878a0-5523-4bc9-a925-c8f43494468a,BEV-005
331a09f7-095e-45d9-9c50-397526495c98,31c264d5-f815-4e02-98db-e3a582579bfb,BEV-003
0a2034f7-e0e8-471e-97fa-845f0f79131b,fd190ccc-aa73-461e-8946-cdb69bd94124,BEV-002
9dfdbdc8-9f41-42c7-ad98-bbe5a56c72b6,f95ce5c2-801c-4e45-8f94-cb701afecd07,BEV-003
52a94dac-ce1f-4ab4-8650-43f54882e0a6,459a81a9-2718-4570-bf22-c1e669d5ffe3,BEV-002
27ab0ba6-cf20-471c-b8d7-d0579bbef013,5bfd3d25-9179-473f-a6e6-e8944c345db9,BEV-001
73a3a0a5-064c-40ce-bbfd-f1294909a50b,5bfd3d25-9179-473f-a6e6-e8944c345db9,BEV-005
ed23aab6-79f6-48ae-b8e5-31d32f131692,5bfd3d25-9179-473f-a6e6-e8944c345db9,JAF-002
1efb2f69-36bf-4f7c-8381-587ea1f55e3a,adc1bc82-aa1b-4878-830e-1e0485971564,BEV-003
8256e493-72fb-4089-80e2-033aafcd7d2d,2a777066-5c59-48aa-a31c-cdc33c0261b8,BEV-005
9a9bde29-0bda-48b3-a58a-7065fd4aa30f,4342ac3b-333b-400a-bf4f-b88847c04751,BEV-005
bc524164-b12e-4073-803e-0927f3783ccd,dbecf086-8ea8-4d2d-9d28-5d3ef3e3f1fa,BEV-003
745b72ae-701b-42ef-b253-1805236637b4,de94f7e9-bd8a-48d8-9000-79e7ec20bb7b,BEV-002
fd1260c8-cbf6-4690-9184-0c0390c30d3d,de94f7e9-bd8a-48d8-9000-79e7ec20bb7b,JAF-002
9bc798d9-8b61-460e-ad99-d868c93a6103,4c31530e-c75e-48a0-9a27-127d01f8035c,BEV-004
62529c89-d429-4558-9ae9-be640551c4cb,38d9d23c-e1a4-4925-9a0d-0d05ddd54519,BEV-003
49fb7c8a-87fd-4162-9adb-01e5edc22f50,7a21105a-b336-43f4-a4cb-f172c32ae6aa,BEV-004
d43ac2ab-010a-4113-a0de-8425e8d53e83,7a21105a-b336-43f4-a4cb-f172c32ae6aa,BEV-001
6f57e252-165a-4480-8a8f-c8ce4d905c7c,7a21105a-b336-43f4-a4cb-f172c32ae6aa,JAF-001
b532504c-99eb-4a04-ae12-3e55e2f1fba2,32e3c186-3e65-4c26-b3d7-8f1a978d147c,BEV-001
fa9dc9a3-e6f9-4e0b-9cd9-b85ad8795dc2,32e3c186-3e65-4c26-b3d7-8f1a978d147c,BEV-003
c0f26a02-f450-4d1c-873b-59448cd74113,eb5570be-d00f-45d0-b7d5-5c66de747c92,BEV-002
fd73e1dc-d6fc-42da-af9f-ecf67cb0bdb5,e7c4d857-3445-4edd-87b0-bf21e65b5aa4,BEV-004
0f184300-5475-4105-a586-31a1df26144a,762ee649-5563-4273-818e-6a2a3b678f73,BEV-003
ee87c708-bc9a-435e-af3a-947b1d800c1e,3b1758e8-318d-4f09-b10c-5d8ff751876c,JAF-005
f89b791b-a4f3-41f9-a49e-c31f2b4046be,b0422697-8333-4575-86b9-e23e0769a85f,BEV-004
f3ed76eb-fb99-42a1-a569-f534789c25d0,f6cdd819-f209-4016-bc37-c13bf6d99b6d,BEV-004
2cb3ed54-469d-4467-9cbd-75dcae469d69,d194aaee-c01c-4c4b-9442-5a9dec239b24,BEV-003
e3f287c2-ad72-4ccf-83f3-711bdcaa739f,d194aaee-c01c-4c4b-9442-5a9dec239b24,BEV-002
b9288783-d0bd-4443-8af1-a60ea2fc3ef7,d194aaee-c01c-4c4b-9442-5a9dec239b24,JAF-001
962c9898-a7b5-4b4f-90e9-792bb57f2d52,59e35247-3c74-4eb0-b409-125d6566254c,BEV-003
17abf57d-cbd0-4ab9-b428-f87ba6e3d464,21efe2f4-95d0-4083-bd3b-e60e6491f0b0,BEV-001
fddf182c-57e1-4ebb-9687-877790972585,b6f11a8a-5213-44a9-8d74-433839fe4dc2,BEV-003
3fb27b52-6a59-41c9-a159-d5d1e508616f,0831aeed-e39e-45c7-b76e-2b1f2fee18af,BEV-004
45a95f59-7aad-4af0-b1d4-58ca85e4c97f,0831aeed-e39e-45c7-b76e-2b1f2fee18af,BEV-002
1cb6acbe-61e0-487e-9538-61d4c6d70d5a,0831aeed-e39e-45c7-b76e-2b1f2fee18af,JAF-004
9ca47649-ae09-42b2-b9dc-7080ce688438,67ac6d14-2270-4a03-9543-05fea14df360,BEV-003
a8fc1e49-6ab7-48a3-b1a6-05746de4683c,446fb45e-bf39-4274-9ca9-ae23d8a5ba3b,BEV-003
ab9faebc-c1e9-4502-8052-23911143de1f,446fb45e-bf39-4274-9ca9-ae23d8a5ba3b,BEV-005
58268f47-ce93-4fb1-a1a6-b3f8c7ad9d1b,9c6cf585-5fe2-4bbb-8423-7a6948390cde,BEV-005
4d0bf383-21f9-4254-b6da-6517e26ad810,ca195a52-e1e8-452d-9eaf-2df8e42bfc74,BEV-005
6b6e6894-76a4-45e4-9ca4-6cf1987939fa,bc037963-5549-4d26-892d-1b1e03a0aff0,BEV-001
11928f5e-7a71-4afd-ad26-a807dffc3fc6,26e6fde9-017e-4460-aa1e-4f88d6563d87,BEV-002
469ef115-5c82-40fe-8add-29da8288baf0,c65540c0-0968-4312-8a95-b29fa2576435,BEV-003
9694363a-0961-48b3-8fb9-3fabed365659,f0922d50-e5f4-4f52-8c9f-b96b96e5237d,BEV-003
7b361ae5-2ad3-47e3-9152-b581cc2db91b,ba056387-c262-4558-b773-190e396fe511,BEV-003
ba6e9e2c-7fae-44ce-89e5-566d27806bed,15484652-62a7-46de-9a8a-394d04a3c7c0,BEV-004
605e29f0-49af-412e-b553-c5fabb804209,15484652-62a7-46de-9a8a-394d04a3c7c0,BEV-001
e9b235ed-673d-4cc3-a204-db339f02d9cc,3d791411-de08-4ce0-a4a5-f3657fe5167f,BEV-002
5b0cefca-9d8a-4732-a198-772a2c5e2897,ba105a9a-7405-4e17-8af9-19180c859a0d,BEV-005
8deb7c61-8b30-47c7-8637-dbb821fb0136,9c55fc10-3739-470e-a957-aec3d8155ad7,BEV-001
de6253b5-c233-410b-beb4-4eba01a40bb3,bc012abe-28d1-455b-af5e-edae210ec4de,BEV-005
cfabe153-b608-4e72-adfc-885a706fc1c2,78d09427-b88a-47bb-a4d3-d436fd06486f,BEV-001
8ff7b79a-1839-49c8-9566-0c13bb310ace,78d09427-b88a-47bb-a4d3-d436fd06486f,JAF-003
4bbdebb2-1efe-4c96-938c-141779513216,3fa3a0ce-42f4-4075-95b1-7df855627f76,BEV-005
fb05d087-827a-4169-804d-6380208b883a,4f5b05fc-ed98-480a-8a83-0a5dc95fa1ed,BEV-001
194e6ba9-d457-4ccb-8567-a45045b1784e,c6ec8d10-56c2-4595-b61a-70befbcba5c3,BEV-003
e77ff7ef-5d59-4316-9e69-25a6528a8d22,90e87de3-111e-4d6b-a223-717073c6efa5,BEV-005
9627d248-dda5-4a86-afee-aee63bd390cb,90e87de3-111e-4d6b-a223-717073c6efa5,JAF-001
